"ID","Description","GeneRatio","BgRatio","RichFactor","FoldEnrichment","zScore","pvalue","p.adjust","qvalue","geneID","Count"
"GO:0071345","cellular response to cytokine stimulus","30/81","488/10540",0.0614754098360656,7.99939283545841,13.9328887648219,6.07641419574805e-20,1.05000437302526e-16,1.39004519304978e-17,"GBP2/OASL/IFIT1/SOCS1/GBP4/CCL2/MNDA/ISG15/TNF/CXCL9/CARD16/TNFSF13B/CXCR2/IL1R2/CMKLR1/PARP14/CXCL11/RPS6KA4/IFITM1/RUFY4/CCL8/ZBP1/GBP5/USP18/AIM2/IFIT3/CXCL8/IFIT2/GBP1/CXCL10",30
"GO:0051607","defense response to virus","22/81","223/10540",0.0986547085201794,12.8372917012678,15.7226300730002,6.33318610447091e-19,5.47187279426287e-16,7.24392266360774e-17,"GBP2/OASL/IFIT1/ISG15/IFIH1/TNF/MX2/DDX60/HERC5/IFITM1/DDX60L/IFI6/ZBP1/GBP5/RSAD2/USP18/AIM2/NT5C3A/IFIT3/IFIT2/GBP1/CXCL10",22
"GO:0009615","response to virus","23/81","292/10540",0.0787671232876712,10.2494503636056,14.1053843231283,1.43269742304877e-17,8.25233715676092e-15,1.09248322110612e-15,"GBP2/OASL/IFIT1/ISG15/IFIH1/TNF/MX2/DDX60/HERC5/IFITM1/DDX60L/CCL8/IFI6/ZBP1/GBP5/RSAD2/USP18/AIM2/NT5C3A/IFIT3/IFIT2/GBP1/CXCL10",23
"GO:0019221","cytokine-mediated signaling pathway","20/81","333/10540",0.0600600600600601,7.81522263003744,11.1211637873254,4.53642675624983e-13,1.95973635869993e-10,2.5943911997309e-11,"OASL/SOCS1/CCL2/ISG15/TNF/CXCL9/CARD16/TNFSF13B/CXCR2/IL1R2/CMKLR1/PARP14/CXCL11/RPS6KA4/IFITM1/CCL8/ZBP1/USP18/AIM2/CXCL10",20
"GO:0031640","killing of cells of another organism","9/81","37/10540",0.243243243243243,31.6516516516517,16.435964355921,6.19281810269796e-12,1.78353161357701e-09,2.3611230674802e-10,"GBP2/CXCL9/CXCL11/CCL8/GBP5/GZMB/CXCL8/GBP1/CXCL10",9
"GO:0141061","disruption of cell in another organism","9/81","37/10540",0.243243243243243,31.6516516516517,16.435964355921,6.19281810269796e-12,1.78353161357701e-09,2.3611230674802e-10,"GBP2/CXCL9/CXCL11/CCL8/GBP5/GZMB/CXCL8/GBP1/CXCL10",9
"GO:0141060","disruption of anatomical structure in another organism","9/81","41/10540",0.219512195121951,28.5636856368564,15.5615330289074,1.70145284989039e-11,4.20015789230086e-09,5.56036664058961e-10,"GBP2/CXCL9/CXCL11/CCL8/GBP5/GZMB/CXCL8/GBP1/CXCL10",9
"GO:0002831","regulation of response to biotic stimulus","20/81","409/10540",0.0488997555012225,6.36300522201093,9.73510962457872,2.00544019961336e-11,4.33175083116486e-09,5.73457556467263e-10,"FFAR2/GBP2/OASL/SERPING1/MNDA/ISG15/IFIH1/TNF/CD274/CLEC4E/TNIP3/CARD16/PARP14/DDX60/HERC5/ZBP1/GBP5/RSAD2/USP18/AIM2",20
"GO:0032103","positive regulation of response to external stimulus","20/81","436/10540",0.0458715596330275,5.96896590780383,9.32523367040843,6.35875602302878e-11,1.22088115642153e-08,1.61625991887937e-09,"FFAR2/GBP2/OASL/CCL2/MNDA/IFIH1/TNF/CD274/CLEC4E/TNIP3/CASP5/CMKLR1/DDX60/ZBP1/GBP5/RSAD2/AIM2/CXCL8/GBP1/CXCL10",20
"GO:0045088","regulation of innate immune response","18/81","349/10540",0.0515759312320917,6.71123845908946,9.54842489351343,1.00979521920994e-10,1.74492613879478e-08,2.31001532352687e-09,"FFAR2/GBP2/OASL/SERPING1/MNDA/ISG15/IFIH1/TNF/CD274/CLEC4E/TNIP3/PARP14/DDX60/ZBP1/GBP5/RSAD2/USP18/AIM2",18
"GO:0002253","activation of immune response","19/81","418/10540",0.0454545454545455,5.91470258136925,9.02296651678869,2.44130100841436e-10,3.83506194776365e-08,5.0770354509835e-09,"FFAR2/GBP2/OASL/CLEC2B/LCP2/SERPING1/MNDA/IFIH1/TNF/CD274/CLEC4E/TNIP3/CMKLR1/DDX60/ZBP1/GBP5/RSAD2/AIM2/GBP1",19
"GO:0001906","cell killing","11/81","103/10540",0.106796116504854,13.8966798513724,11.5745954265206,3.09700683371601e-10,4.45968984055105e-08,5.90394724499091e-09,"GBP2/CXCL9/FCGR3A/CXCL11/CCL8/GBP5/GZMB/SLAMF7/CXCL8/GBP1/CXCL10",11
"GO:0140374","antiviral innate immune response","9/81","61/10540",0.147540983606557,19.1985428051002,12.5440778908384,7.44316759403468e-10,9.89368738653226e-08,1.30977288728449e-08,"OASL/IFIT1/IFIH1/TNF/ZBP1/USP18/IFIT3/IFIT2/CXCL10",9
"GO:0002764","immune response-regulating signaling pathway","18/81","410/10540",0.0439024390243902,5.71273712737127,8.56559530695786,1.37397546368079e-09,1.62923689085344e-07,2.15686045377613e-08,"FFAR2/GBP2/OASL/CLEC2B/LCP2/MNDA/IFIH1/TNF/CD274/CLEC4E/TNIP3/CMKLR1/FCGR3A/DDX60/GBP5/RSAD2/AIM2/GBP1",18
"GO:0019079","viral genome replication","10/81","90/10540",0.111111111111111,14.4581618655693,11.28355595975,1.41426813442139e-09,1.62923689085344e-07,2.15686045377613e-08,"OASL/IFIT1/CCL2/ISG15/IFIH1/TNF/IFITM1/CCL8/RSAD2/CXCL8",10
"GO:0002757","immune response-activating signaling pathway","17/81","384/10540",0.0442708333333333,5.76067386831276,8.36314886360216,3.74445994460318e-09,4.04401674017144e-07,5.35365963676122e-08,"FFAR2/GBP2/OASL/CLEC2B/LCP2/MNDA/IFIH1/TNF/CD274/CLEC4E/TNIP3/CMKLR1/DDX60/GBP5/RSAD2/AIM2/GBP1",17
"GO:0070269","pyroptotic inflammatory response","7/81","33/10540",0.212121212121212,27.6019453797232,13.468776037818,4.42246786690696e-09,4.49530851412661e-07,5.95110092097404e-08,"GBP2/ZBP1/GBP5/ZEB2/AIM2/GZMB/GBP1",7
"GO:0002218","activation of innate immune response","14/81","249/10540",0.0562248995983936,7.3161782934206,8.87610427156107,5.21771934060281e-09,5.0090105669787e-07,6.63116386887347e-08,"FFAR2/GBP2/OASL/MNDA/IFIH1/TNF/CD274/CLEC4E/TNIP3/DDX60/ZBP1/GBP5/RSAD2/AIM2",14
"GO:0031349","positive regulation of defense response","16/81","363/10540",0.0440771349862259,5.7354691698126,8.07985503521339,1.22909278107661e-08,1.11782753984231e-06,1.47983269244829e-07,"FFAR2/GBP2/OASL/MNDA/IFIH1/TNF/CD274/CLEC4E/TNIP3/CASP5/DDX60/ZBP1/GBP5/RSAD2/AIM2/GBP1",16
"GO:0045071","negative regulation of viral genome replication","7/81","39/10540",0.179487179487179,23.3554922443811,12.3083076060279,1.53444241747201e-08,1.32575824869582e-06,1.75510114823242e-07,"OASL/IFIT1/ISG15/IFIH1/TNF/IFITM1/RSAD2",7
"GO:0070098","chemokine-mediated signaling pathway","7/81","41/10540",0.170731707317073,22.2161999397772,11.9779553598334,2.21538078926774e-08,1.82294190659745e-06,2.41329626768499e-07,"CCL2/CXCL9/CXCR2/CMKLR1/CXCL11/CCL8/CXCL10",7
"GO:0045069","regulation of viral genome replication","8/81","65/10540",0.123076923076923,16.0151946818613,10.6858176836411,3.02952299008836e-08,2.28027801499643e-06,3.01873932622813e-07,"OASL/IFIT1/ISG15/IFIH1/TNF/IFITM1/RSAD2/CXCL8",8
"GO:0002683","negative regulation of immune system process","15/81","335/10540",0.0447761194029851,5.82642343836374,7.90020663240958,3.0350922653309e-08,2.28027801499643e-06,3.01873932622813e-07,"MILR1/FSTL3/SOCS1/SERPING1/CCL2/MNDA/ISG15/TNF/CD274/CD69/TNFAIP6/SAMSN1/PARP14/USP18/GBP1",15
"GO:0045089","positive regulation of innate immune response","14/81","287/10540",0.0487804878048781,6.34748569707919,8.08280742075308,3.18384249718632e-08,2.29236659797415e-06,3.03474276115721e-07,"FFAR2/GBP2/OASL/MNDA/IFIH1/TNF/CD274/CLEC4E/TNIP3/DDX60/ZBP1/GBP5/RSAD2/AIM2",14
"GO:0030595","leukocyte chemotaxis","10/81","129/10540",0.0775193798449612,10.087089673653,9.13840867181247,4.77948338403654e-08,3.30357891504606e-06,4.37343320532044e-07,"FFAR2/CCL2/CXCL9/CXCR2/TNFAIP6/CMKLR1/CXCL11/CCL8/CXCL8/CXCL10",10
"GO:0002833","positive regulation of response to biotic stimulus","14/81","298/10540",0.0469798657718121,6.11318253376419,7.87960003074936,5.10431695527208e-08,3.307247567031e-06,4.37828993943285e-07,"FFAR2/GBP2/OASL/MNDA/IFIH1/TNF/CD274/CLEC4E/TNIP3/DDX60/ZBP1/GBP5/RSAD2/AIM2",14
"GO:0050727","regulation of inflammatory response","13/81","251/10540",0.051792828685259,6.73946190546456,8.09876104076284,5.16757432348594e-08,3.307247567031e-06,4.37828993943285e-07,"FFAR2/GBP2/TNF/CD69/TNFAIP6/IL1R2/CASP5/CMKLR1/ZBP1/GBP5/USP18/AIM2/GBP1",13
"GO:1990868","response to chemokine","7/81","47/10540",0.148936170212766,19.3800893091673,11.1133205197117,5.97238976936354e-08,3.54427724889765e-06,4.6920809848354e-07,"CCL2/CXCL9/CXCR2/CMKLR1/CXCL11/CCL8/CXCL10",7
"GO:1990869","cellular response to chemokine","7/81","47/10540",0.148936170212766,19.3800893091673,11.1133205197117,5.97238976936354e-08,3.54427724889765e-06,4.6920809848354e-07,"CCL2/CXCL9/CXCR2/CMKLR1/CXCL11/CCL8/CXCL10",7
"GO:0071621","granulocyte chemotaxis","8/81","71/10540",0.112676056338028,14.6617979481829,10.1643956739272,6.15325911266953e-08,3.54427724889765e-06,4.6920809848354e-07,"CCL2/CXCL9/CXCR2/TNFAIP6/CMKLR1/CCL8/CXCL8/CXCL10",8
"GO:0050900","leukocyte migration","12/81","218/10540",0.055045871559633,7.16275908936459,8.09130627461798,9.12342021785851e-08,5.08557101176113e-06,6.73251818794259e-07,"FFAR2/CCL2/TNF/CXCL9/CD69/CXCR2/TNFAIP6/CMKLR1/CXCL11/CCL8/CXCL8/CXCL10",12
"GO:0071222","cellular response to lipopolysaccharide","10/81","139/10540",0.0719424460431655,9.36139976907363,8.73264831132126,9.73345407931438e-08,5.25606520282977e-06,6.95822642004742e-07,"GBP2/CCL2/TNF/CD274/CXCL9/TNIP3/CARD16/GBP5/CXCL8/CXCL10",10
"GO:0002221","pattern recognition receptor signaling pathway","12/81","226/10540",0.0530973451327434,6.9092100950508,7.90254936292001,1.35364548671646e-07,6.9105645823749e-06,9.14853054498577e-07,"FFAR2/GBP2/OASL/IFIH1/TNF/CD274/CLEC4E/TNIP3/DDX60/GBP5/RSAD2/AIM2",12
"GO:0071219","cellular response to molecule of bacterial origin","10/81","144/10540",0.0694444444444444,9.0363511659808,8.54484416510551,1.35971756829136e-07,6.9105645823749e-06,9.14853054498577e-07,"GBP2/CCL2/TNF/CD274/CXCL9/TNIP3/CARD16/GBP5/CXCL8/CXCL10",10
"GO:0071346","cellular response to type II interferon","7/81","53/10540",0.132075471698113,17.1861169345446,10.3956608981798,1.4106643411398e-07,6.96465137568452e-06,9.22013318682135e-07,"GBP2/GBP4/CCL2/TNF/PARP14/GBP5/GBP1",7
"GO:0002758","innate immune response-activating signaling pathway","12/81","233/10540",0.0515021459227468,6.70163725957717,7.74477020878967,1.88701663563832e-07,9.05767985106392e-06,1.19909827621759e-06,"FFAR2/GBP2/OASL/IFIH1/TNF/CD274/CLEC4E/TNIP3/DDX60/GBP5/RSAD2/AIM2",12
"GO:0097530","granulocyte migration","8/81","83/10540",0.0963855421686747,12.5420199315782,9.28997279762351,2.1181349513609e-07,9.8922626917612e-06,1.30958427948732e-06,"CCL2/CXCL9/CXCR2/TNFAIP6/CMKLR1/CCL8/CXCL8/CXCL10",8
"GO:0034341","response to type II interferon","8/81","85/10540",0.0941176470588235,12.2469135802469,9.16173936187445,2.5525709340972e-07,1.16074804582104e-05,1.53665287772724e-06,"GBP2/GBP4/CCL2/TNF/PARP14/IFITM1/GBP5/GBP1",8
"GO:0048525","negative regulation of viral process","7/81","59/10540",0.11864406779661,15.4383762293367,9.78678685124794,3.00877513962553e-07,1.33311883109562e-05,1.76484543353803e-06,"OASL/IFIT1/ISG15/IFIH1/TNF/IFITM1/RSAD2",7
"GO:0061844","antimicrobial humoral immune response mediated by antimicrobial peptide","6/81","37/10540",0.162162162162162,21.1011011011011,10.7785702697903,3.28248786309833e-07,1.41049595590051e-05,1.86728091204672e-06,"CCL2/CXCL9/CXCL11/CCL8/CXCL8/CXCL10",6
"GO:1903900","regulation of viral life cycle","8/81","88/10540",0.0909090909090909,11.8294051627385,8.9772510015056,3.34666285832877e-07,1.41049595590051e-05,1.86728091204672e-06,"OASL/IFIT1/ISG15/IFIH1/TNF/IFITM1/RSAD2/CXCL8",8
"GO:0071216","cellular response to biotic stimulus","10/81","162/10540",0.0617283950617284,8.03231214753849,7.93772308529425,4.09665487334849e-07,1.68548086217766e-05,2.2313188693654e-06,"GBP2/CCL2/TNF/CD274/CXCL9/TNIP3/CARD16/GBP5/CXCL8/CXCL10",10
"GO:0071347","cellular response to interleukin-1","7/81","64/10540",0.109375,14.2322530864198,9.34379219315375,5.31264196178054e-07,2.13494076975739e-05,2.82633504267876e-06,"GBP2/CCL2/IL1R2/RPS6KA4/ZBP1/CXCL8/GBP1",7
"GO:0009617","response to bacterium","13/81","317/10540",0.0410094637223975,5.33629318066752,6.89852461830256,7.67855332919237e-07,3.01557730746464e-05,3.99216312636286e-06,"GBP2/GBP4/CCL2/ISG15/TNF/CD274/CXCL9/TNIP3/CARD16/GBP5/CXCL8/GBP1/CXCL10",13
"GO:0060326","cell chemotaxis","10/81","175/10540",0.0571428571428571,7.43562610229277,7.55478841715582,8.35775104337098e-07,3.20937640065445e-05,4.24872348442093e-06,"FFAR2/CCL2/CXCL9/CXCR2/TNFAIP6/CMKLR1/CXCL11/CCL8/CXCL8/CXCL10",10
"GO:0050729","positive regulation of inflammatory response","8/81","104/10540",0.0769230769230769,10.0094966761633,8.12544760160979,1.21479854662487e-06,4.56341714906038e-05,6.04126633649712e-06,"FFAR2/GBP2/TNF/CASP5/ZBP1/GBP5/AIM2/GBP1",8
"GO:0050792","regulation of viral process","8/81","110/10540",0.0727272727272727,9.4635241301908,7.85240254814308,1.86192822775115e-06,6.84555739905106e-05,9.06247097703115e-06,"OASL/IFIT1/ISG15/IFIH1/TNF/IFITM1/RSAD2/CXCL8",8
"GO:0019730","antimicrobial humoral response","6/81","50/10540",0.12,15.6148148148148,9.11565132555456,2.07236078146321e-06,7.46049881326754e-05,9.87655935494527e-06,"CCL2/CXCL9/CXCL11/CCL8/CXCL8/CXCL10",6
"GO:0070555","response to interleukin-1","7/81","81/10540",0.0864197530864197,11.2452370065539,8.1454778618625,2.67810738671944e-06,9.29665174783691e-05,1.23073450030551e-05,"GBP2/CCL2/IL1R2/RPS6KA4/ZBP1/CXCL8/GBP1",7
"GO:0032496","response to lipopolysaccharide","10/81","199/10540",0.050251256281407,6.53886717538309,6.94166018789655,2.69000339925837e-06,9.29665174783691e-05,1.23073450030551e-05,"GBP2/CCL2/TNF/CD274/CXCL9/TNIP3/CARD16/GBP5/CXCL8/CXCL10",10
"GO:0006935","chemotaxis","11/81","253/10540",0.0434782608695652,5.65754159957059,6.59887289798348,3.36967635278945e-06,0.000111976937261926,1.48240338204412e-05,"FFAR2/CCL2/CXCL9/CXCR2/TNFAIP6/CMKLR1/PROK2/CXCL11/CCL8/CXCL8/CXCL10",11
"GO:0042330","taxis","11/81","253/10540",0.0434782608695652,5.65754159957059,6.59887289798348,3.36967635278945e-06,0.000111976937261926,1.48240338204412e-05,"FFAR2/CCL2/CXCL9/CXCR2/TNFAIP6/CMKLR1/PROK2/CXCL11/CCL8/CXCL8/CXCL10",11
"GO:0097529","myeloid leukocyte migration","8/81","120/10540",0.0666666666666667,8.67489711934156,7.44091693275332,3.58970346814199e-06,0.000117037879112252,1.54940251149614e-05,"CCL2/CXCL9/CXCR2/TNFAIP6/CMKLR1/CCL8/CXCL8/CXCL10",8
"GO:0002237","response to molecule of bacterial origin","10/81","206/10540",0.0485436893203883,6.31667265971473,6.78166658116963,3.66893522663356e-06,0.000117405927252274,1.55427490594507e-05,"GBP2/CCL2/TNF/CD274/CXCL9/TNIP3/CARD16/GBP5/CXCL8/CXCL10",10
"GO:0019058","viral life cycle","10/81","222/10540",0.045045045045045,5.86141697252808,6.4422671237241,7.13613231379786e-06,0.000224204302513504,2.96812204764479e-05,"OASL/IFIT1/CCL2/ISG15/IFIH1/TNF/IFITM1/CCL8/RSAD2/CXCL8",10
"GO:0071396","cellular response to lipid","13/81","389/10540",0.0334190231362468,4.34859881303754,5.92216680873636,7.406122008838e-06,0.000228531764844144,3.02541103010379e-05,"FFAR2/GBP2/CCL2/PTCH1/TNF/CD274/CXCL9/TNIP3/CARD16/SLC6A4/GBP5/CXCL8/CXCL10",13
"GO:0002685","regulation of leukocyte migration","8/81","133/10540",0.0601503759398496,7.8269748445187,6.97249924643183,7.72392320929666e-06,0.000232618637427566,3.07951497228856e-05,"CCL2/TNF/CD69/TNFAIP6/CMKLR1/CCL8/CXCL8/CXCL10",8
"GO:0006959","humoral immune response","7/81","95/10540",0.0736842105263158,9.58804418453541,7.39944217898015,7.80780148773079e-06,0.000232618637427566,3.07951497228856e-05,"SERPING1/CCL2/CXCL9/CXCL11/CCL8/CXCL8/CXCL10",7
"GO:0071356","cellular response to tumor necrosis factor","8/81","145/10540",0.0551724137931034,7.17922520221371,6.5933010772672,1.45749444758304e-05,0.000426872950071779,5.65114496219318e-05,"GBP2/CCL2/TNF/CARD16/TNFSF13B/AIM2/CXCL8/GBP1",8
"GO:0140888","interferon-mediated signaling pathway","6/81","70/10540",0.0857142857142857,11.1534391534392,7.50042685157812,1.51339106782709e-05,0.000435856627534201,5.77007511137504e-05,"OASL/ISG15/PARP14/IFITM1/ZBP1/USP18",6
"GO:0032102","negative regulation of response to external stimulus","10/81","244/10540",0.040983606557377,5.33292855697227,6.02614121630977,1.63255324704318e-05,0.000462467542768953,6.12236292802618e-05,"SERPING1/CCL2/ISG15/TNF/CARD16/CD69/TNFAIP6/IL1R2/PARP14/USP18",10
"GO:0001818","negative regulation of cytokine production","9/81","198/10540",0.0454545454545455,5.91470258136925,6.143625011055,1.97110569044088e-05,0.000549366231142233,7.27276865164789e-05,"SRGN/TNF/CD274/CARD16/IL1R2/CMKLR1/XAF1/RPS6KA4/GBP1",9
"GO:0034612","response to tumor necrosis factor","8/81","159/10540",0.050314465408805,6.5470921655408,6.20213876250408,2.84379827949662e-05,0.000780013242376215,0.000103261823087106,"GBP2/CCL2/TNF/CARD16/TNFSF13B/AIM2/CXCL8/GBP1",8
"GO:0035456","response to interferon-beta","4/81","24/10540",0.166666666666667,21.6872427983539,8.92853229776543,3.05985551636086e-05,0.000826160989417431,0.000109371078971432,"MNDA/XAF1/IFITM1/AIM2",4
"GO:0030593","neutrophil chemotaxis","5/81","49/10540",0.102040816326531,13.2779037540942,7.5807286476986,3.46205166859184e-05,0.000920373120511799,0.000121843324165743,"CXCL9/CXCR2/TNFAIP6/CXCL8/CXCL10",5
"GO:0071674","mononuclear cell migration","7/81","125/10540",0.056,7.28691358024691,6.22242957719915,4.68465257024848e-05,0.00122652721839233,0.00016237344413707,"CCL2/TNF/CD69/CXCR2/CMKLR1/CXCL11/CXCL10",7
"GO:0019722","calcium-mediated signaling","7/81","126/10540",0.0555555555555556,7.22908093278464,6.19009892586174,4.92980819618276e-05,0.0012714490392543,0.000168320406145649,"PLEK/TNF/CXCR2/CMKLR1/FCGR3A/CXCL8/GBP1",7
"GO:0060337","type I interferon-mediated signaling pathway","5/81","55/10540",0.0909090909090909,11.8294051627385,7.08596266736969,6.09246649877694e-05,0.00154820325145391,0.00020495843092034,"OASL/ISG15/IFITM1/ZBP1/USP18",5
"GO:0071357","cellular response to type I interferon","6/81","90/10540",0.0666666666666667,8.67489711934156,6.43476664914902,6.36134936710219e-05,0.0015931031458482,0.000210902490199961,"OASL/IFIT1/ISG15/IFITM1/ZBP1/USP18",6
"GO:0060759","regulation of response to cytokine stimulus","7/81","132/10540",0.053030303030303,6.90048634493079,6.00327535319133,6.63185213878123e-05,0.00163712007083057,0.000216729657834347,"ISG15/IFIH1/CARD16/IL1R2/PARP14/ZBP1/USP18",7
"GO:0002252","immune effector process","11/81","350/10540",0.0314285714285714,4.08959435626102,5.17303627081973,6.98983974880807e-05,0.00170118916703385,0.000225211426242971,"MILR1/FFAR2/SERPING1/TNF/CD274/CD69/FCGR3A/DDX60/RSAD2/GZMB/SLAMF7",11
"GO:0002832","negative regulation of response to biotic stimulus","6/81","92/10540",0.0652173913043478,8.48631239935588,6.34661871304949,7.19727453951549e-05,0.00172701962103449,0.00022863098327914,"SERPING1/ISG15/CD274/CARD16/PARP14/USP18",6
"GO:0050777","negative regulation of immune response","7/81","134/10540",0.0522388059701493,6.79749401142436,5.94357746348696,7.29585835274986e-05,0.00172701962103449,0.00022863098327914,"SERPING1/ISG15/CD274/CD69/SAMSN1/PARP14/USP18",7
"GO:0002687","positive regulation of leukocyte migration","6/81","93/10540",0.0645161290322581,8.39506172839506,6.30354141626007,7.64690160719019e-05,0.00176184613029662,0.00023324148043841,"CCL2/TNF/CMKLR1/CCL8/CXCL8/CXCL10",6
"GO:0034340","response to type I interferon","6/81","93/10540",0.0645161290322581,8.39506172839506,6.30354141626007,7.64690160719019e-05,0.00176184613029662,0.00023324148043841,"OASL/IFIT1/ISG15/IFITM1/ZBP1/USP18",6
"GO:0016032","viral process","10/81","295/10540",0.0338983050847458,4.41096463695334,5.22912921584222,8.20757289411792e-05,0.00186614288960997,0.000247048776165806,"OASL/IFIT1/CCL2/ISG15/IFIH1/TNF/IFITM1/CCL8/RSAD2/CXCL8",10
"GO:1990266","neutrophil migration","5/81","59/10540",0.0847457627118644,11.0274115923833,6.79689588119959,8.55995067848564e-05,0.00192098633408093,0.000254309209390242,"CXCL9/CXCR2/TNFAIP6/CXCL8/CXCL10",5
"GO:0001960","negative regulation of cytokine-mediated signaling pathway","5/81","61/10540",0.0819672131147541,10.6658571139445,6.66258094494549,0.000100506116205882,0.00222659703594569,0.000294767392040253,"ISG15/CARD16/IL1R2/PARP14/USP18",5
"GO:0007186","G protein-coupled receptor signaling pathway","11/81","367/10540",0.0299727520435967,3.90015810542604,4.97653788609553,0.000106799279647958,0.00233606525609711,0.000309259310085774,"FFAR2/PLEK/CCL2/CXCL9/CXCR2/CMKLR1/PROK2/CXCL11/CCL8/CXCL8/CXCL10",11
"GO:0050865","regulation of cell activation","11/81","372/10540",0.0295698924731183,3.8477366255144,4.92096926117413,0.000120409377108299,0.00260084254553925,0.00034431177347289,"MILR1/PLEK/SOCS1/CCL2/MNDA/TNF/CD274/TNFSF13B/CD69/SAMSN1/FCGR3A",11
"GO:0060761","negative regulation of response to cytokine stimulus","5/81","64/10540",0.078125,10.1658950617284,6.47238366449784,0.000126513899341402,0.00269896318594991,0.000357301445520524,"ISG15/CARD16/IL1R2/PARP14/USP18",5
"GO:0008285","negative regulation of cell population proliferation","11/81","377/10540",0.0291777188328912,3.7967056357861,4.86635290029691,0.000135476397072666,0.00285491724562885,0.000377947377724475,"NOX4/CCL2/MNDA/TNF/CD274/MYOCD/SLC6A4/IFITM1/CCL8/IFIT3/CXCL8",11
"GO:0002768","immune response-regulating cell surface receptor signaling pathway","9/81","255/10540",0.0352941176470588,4.59259259259259,5.11061355490452,0.000140737466780605,0.00293005232044441,0.000387894112448625,"FFAR2/CLEC2B/LCP2/MNDA/CD274/TNIP3/CMKLR1/FCGR3A/GBP1",9
"GO:0001562","response to protozoan","3/81","14/10540",0.214285714285714,27.8835978835979,8.85761614963221,0.000149743695872885,0.00304420125256877,0.000403005685168466,"GBP2/GBP4/GBP1",3
"GO:0042832","defense response to protozoan","3/81","14/10540",0.214285714285714,27.8835978835979,8.85761614963221,0.000149743695872885,0.00304420125256877,0.000403005685168466,"GBP2/GBP4/GBP1",3
"GO:0032611","interleukin-1 beta production","5/81","67/10540",0.0746268656716418,9.71070573060623,6.29437078103703,0.000157394121663575,0.00310540841095909,0.000411108576783628,"TNF/CARD16/IL1R2/GBP5/AIM2",5
"GO:0032651","regulation of interleukin-1 beta production","5/81","67/10540",0.0746268656716418,9.71070573060623,6.29437078103703,0.000157394121663575,0.00310540841095909,0.000411108576783628,"TNF/CARD16/IL1R2/GBP5/AIM2",5
"GO:0071622","regulation of granulocyte chemotaxis","4/81","36/10540",0.111111111111111,14.4581618655693,7.11798013176448,0.00015814579870625,0.00310540841095909,0.000411108576783628,"CCL2/TNFAIP6/CMKLR1/CXCL8",4
"GO:0001819","positive regulation of cytokine production","10/81","322/10540",0.031055900621118,4.04110114255042,4.87722713352991,0.000168874605782202,0.00327882380664769,0.000434066122806341,"FFAR2/ISG15/IFIH1/TNF/CD274/CLEC4E/FCGR3A/GBP5/RSAD2/AIM2",10
"GO:0051281","positive regulation of release of sequestered calcium ion into cytosol","3/81","15/10540",0.2,26.0246913580247,8.53493930983671,0.000186143845886778,0.00357396184102613,0.000473137884459284,"CXCL9/CXCL11/CXCL10",3
"GO:0002753","cytoplasmic pattern recognition receptor signaling pathway","7/81","156/10540",0.0448717948717949,5.83887306109528,5.3582295976689,0.000188968362042913,0.00358832230340828,0.000475038990037231,"GBP2/OASL/IFIH1/TNF/DDX60/GBP5/RSAD2",7
"GO:0062208","positive regulation of pattern recognition receptor signaling pathway","5/81","70/10540",0.0714285714285714,9.29453262786596,6.12723770765536,0.000193733260589393,0.00363881602498338,0.000481723586478714,"GBP2/OASL/DDX60/GBP5/RSAD2",5
"GO:0002695","negative regulation of leukocyte activation","6/81","111/10540",0.0540540540540541,7.0337003670337,5.62368550111258,0.000203568186567757,0.00378242824074284,0.000500735647314661,"MILR1/SOCS1/MNDA/CD274/CD69/SAMSN1",6
"GO:0002694","regulation of leukocyte activation","10/81","337/10540",0.029673590504451,3.86123017181375,4.69786933580301,0.000244163161315501,0.00448844619950198,0.000594201626599335,"MILR1/SOCS1/CCL2/MNDA/TNF/CD274/TNFSF13B/CD69/SAMSN1/FCGR3A",10
"GO:0050920","regulation of chemotaxis","6/81","115/10540",0.0521739130434783,6.7890499194847,5.49307227262,0.000246886980675482,0.00449074423797087,0.000594505851744409,"CCL2/CXCR2/TNFAIP6/CMKLR1/CXCL8/CXCL10",6
"GO:0002688","regulation of leukocyte chemotaxis","5/81","74/10540",0.0675675675675676,8.79212545879212,5.9194119000118,0.00025174929247742,0.00453148726459357,0.000599899605309835,"CCL2/TNFAIP6/CMKLR1/CXCL8/CXCL10",5
"GO:0043065","positive regulation of apoptotic process","10/81","344/10540",0.0290697674418605,3.78265862761987,4.61765379691297,0.0002879531685092,0.00512972242457627,0.000679096790560731,"BCLAF1/CCL2/MNDA/TNF/CD274/G0S2/CASP5/ZBP1/BCL2A1/IFIT2",10
"GO:0007204","positive regulation of cytosolic calcium ion concentration","5/81","77/10540",0.0649350649350649,8.44957511624178,5.77358925115236,0.00030328054139849,0.00534764056669991,0.000707945819547585,"CCL2/CXCR2/CMKLR1/PROK2/CXCL8",5
"GO:0032612","interleukin-1 production","5/81","79/10540",0.0632911392405063,8.23566182215971,5.68070629072616,0.000341832108564615,0.00590685883599654,0.000781977765230034,"TNF/CARD16/IL1R2/GBP5/AIM2",5
"GO:0032652","regulation of interleukin-1 production","5/81","79/10540",0.0632911392405063,8.23566182215971,5.68070629072616,0.000341832108564615,0.00590685883599654,0.000781977765230034,"TNF/CARD16/IL1R2/GBP5/AIM2",5
"GO:0002429","immune response-activating cell surface receptor signaling pathway","8/81","229/10540",0.0349344978165939,4.54579761712222,4.77395610795615,0.000361096597778084,0.00617796951446068,0.000817868672455282,"FFAR2/CLEC2B/LCP2/MNDA/CD274/TNIP3/CMKLR1/GBP1",8
"GO:0050866","negative regulation of cell activation","6/81","124/10540",0.0483870967741935,6.2962962962963,5.22071229340099,0.000370944878180933,0.00628424264212405,0.000831937609123917,"MILR1/SOCS1/MNDA/CD274/CD69/SAMSN1",6
"GO:0072678","T cell migration","4/81","45/10540",0.0888888888888889,11.5665294924554,6.25092855509436,0.000379577951935026,0.00636806505770606,0.000843034414893773,"CCL2/CD69/CXCL11/CXCL10",4
"GO:0001959","regulation of cytokine-mediated signaling pathway","6/81","125/10540",0.048,6.24592592592592,5.19211918926923,0.000387285971583208,0.00643490537399792,0.000851883050456663,"ISG15/CARD16/IL1R2/PARP14/ZBP1/USP18",6
"GO:0051928","positive regulation of calcium ion transport","4/81","46/10540",0.0869565217391304,11.3150831991412,6.16990179264982,0.000413314976325792,0.00680198361039017,0.00090047859453998,"CCL2/CXCL9/CXCL11/CXCL10",4
"GO:0043068","positive regulation of programmed cell death","10/81","364/10540",0.0274725274725275,3.57482024148691,4.39952902755076,0.000450894972408453,0.00735043879548874,0.000973085672494611,"BCLAF1/CCL2/MNDA/TNF/CD274/G0S2/CASP5/ZBP1/BCL2A1/IFIT2",10
"GO:0050848","regulation of calcium-mediated signaling","4/81","48/10540",0.0833333333333333,10.843621399177,6.01510911122466,0.00048712873772175,0.00786690148395499,0.0010414574332163,"PLEK/TNF/CMKLR1/GBP1",4
"GO:0043270","positive regulation of monoatomic ion transport","5/81","86/10540",0.0581395348837209,7.56531725523974,5.37973428069985,0.000506556264068202,0.00810490022509123,0.00107296482638221,"CCL2/CXCL9/SLC6A4/CXCL11/CXCL10",5
"GO:0031348","negative regulation of defense response","7/81","184/10540",0.0380434782608696,4.95034889962426,4.75713499309176,0.000516064555502837,0.00818128029274222,0.00108307637911576,"SERPING1/ISG15/CD69/TNFAIP6/IL1R2/PARP14/USP18",7
"GO:0071675","regulation of mononuclear cell migration","5/81","90/10540",0.0555555555555556,7.22908093278464,5.22256932149878,0.000624146127393865,0.00980476825578725,0.00129800135438066,"CCL2/TNF/CD69/CMKLR1/CXCL10",5
"GO:0051250","negative regulation of lymphocyte activation","5/81","94/10540",0.0531914893617021,6.92146046755976,5.07475266680126,0.000761123411756329,0.0118488401397742,0.0015686052080006,"SOCS1/MNDA/CD274/CD69/SAMSN1",5
"GO:0002686","negative regulation of leukocyte migration","3/81","24/10540",0.125,16.2654320987654,6.58850021057507,0.000787756709985938,0.0119407332882079,0.00158077045535919,"CCL2/CD69/TNFAIP6",3
"GO:0045668","negative regulation of osteoblast differentiation","3/81","24/10540",0.125,16.2654320987654,6.58850021057507,0.000787756709985938,0.0119407332882079,0.00158077045535919,"PTCH1/TNF/TNFAIP6",3
"GO:0048247","lymphocyte chemotaxis","3/81","24/10540",0.125,16.2654320987654,6.58850021057507,0.000787756709985938,0.0119407332882079,0.00158077045535919,"CCL2/CXCL11/CXCL10",3
"GO:0030336","negative regulation of cell migration","7/81","198/10540",0.0353535353535354,4.60032422995386,4.50058607226838,0.000797846284314348,0.0119885076460452,0.0015870950496341,"CCL2/TNF/MYOCD/CD69/TNFAIP6/IFITM1/ZEB2",7
"GO:0002274","myeloid leukocyte activation","6/81","146/10540",0.0410958904109589,5.34753932014206,4.65506468764867,0.000881018434314295,0.0131241366766819,0.00173743496398857,"MILR1/LCP2/TNF/CXCR2/FCGR3A/CXCL8",6
"GO:0002697","regulation of immune effector process","7/81","202/10540",0.0346534653465347,4.50922870064784,4.43165785717475,0.000897431027382431,0.013254365942879,0.00175467532699298,"FFAR2/SERPING1/TNF/CD274/CD69/DDX60/RSAD2",7
"GO:0046649","lymphocyte activation","11/81","472/10540",0.0233050847457627,3.03253818790542,3.97589805347657,0.000917623398588811,0.0134377392606904,0.00177895114959959,"CLEC2B/SOCS1/CCL2/MNDA/CD274/TNFSF13B/CD69/SAMSN1/FCGR3A/RSAD2/SLAMF7",11
"GO:2000146","negative regulation of cell motility","7/81","209/10540",0.0334928229665072,4.35820190206155,4.31524934941276,0.00109514308723168,0.0159025819725743,0.0021052586251967,"CCL2/TNF/MYOCD/CD69/TNFAIP6/IFITM1/ZEB2",7
"GO:1904427","positive regulation of calcium ion transmembrane transport","3/81","27/10540",0.111111111111111,14.4581618655693,6.16171245464114,0.00111970163859188,0.0161237035957231,0.00213453174607445,"CXCL9/CXCL11/CXCL10",3
"GO:0007200","phospholipase C-activating G protein-coupled receptor signaling pathway","4/81","61/10540",0.0655737704918033,8.53268569115563,5.19220670847225,0.00121138354558382,0.0171763537843811,0.00227388653090179,"FFAR2/PLEK/CXCR2/CMKLR1",4
"GO:0001503","ossification","7/81","213/10540",0.0328638497652582,4.27635773488669,4.25100052194143,0.00122262240479101,0.0171763537843811,0.00227388653090179,"FSTL3/SRGN/ISG15/PTCH1/TNF/TNFAIP6/IFITM1",7
"GO:0040013","negative regulation of locomotion","7/81","213/10540",0.0328638497652582,4.27635773488669,4.25100052194143,0.00122262240479101,0.0171763537843811,0.00227388653090179,"CCL2/TNF/MYOCD/CD69/TNFAIP6/IFITM1/ZEB2",7
"GO:0006968","cellular defense response","3/81","28/10540",0.107142857142857,13.9417989417989,6.03431695987536,0.00124715409812647,0.0172406582525003,0.0022823994589521,"MNDA/CXCL9/CXCR2",3
"GO:0046636","negative regulation of alpha-beta T cell activation","3/81","28/10540",0.107142857142857,13.9417989417989,6.03431695987536,0.00124715409812647,0.0172406582525003,0.0022823994589521,"SOCS1/CD274/CD69",3
"GO:0072676","lymphocyte migration","4/81","62/10540",0.0645161290322581,8.39506172839506,5.13920073530279,0.00128743283312698,0.0176562217114557,0.00233741370492745,"CCL2/CD69/CXCL11/CXCL10",4
"GO:0002690","positive regulation of leukocyte chemotaxis","4/81","63/10540",0.0634920634920635,8.2618067803253,5.08737348493259,0.00136676175096234,0.0185965693359286,0.00246190134791014,"CCL2/CMKLR1/CXCL8/CXCL10",4
"GO:0039531","regulation of cytoplasmic pattern recognition receptor signaling pathway","5/81","109/10540",0.0458715596330275,5.96896590780383,4.58895103292052,0.00148121370287292,0.0199506941151824,0.00264116675751677,"GBP2/OASL/DDX60/GBP5/RSAD2",5
"GO:0050867","positive regulation of cell activation","7/81","221/10540",0.0316742081447964,4.12155745489079,4.12710761865177,0.00151241788889032,0.0199506941151824,0.00264116675751677,"PLEK/SOCS1/CCL2/TNF/CD274/TNFSF13B/FCGR3A",7
"GO:0019233","sensory perception of pain","3/81","30/10540",0.1,13.0123456790123,5.79808023522575,0.00152863599966732,0.0199506941151824,0.00264116675751677,"CCL2/TNF/PROK2",3
"GO:0070498","interleukin-1-mediated signaling pathway","3/81","30/10540",0.1,13.0123456790123,5.79808023522575,0.00152863599966732,0.0199506941151824,0.00264116675751677,"IL1R2/RPS6KA4/ZBP1",3
"GO:0002698","negative regulation of immune effector process","4/81","65/10540",0.0615384615384615,8.00759734093067,4.98707537079169,0.00153555689659679,0.0199506941151824,0.00264116675751677,"SERPING1/TNF/CD274/CD69",4
"GO:0045667","regulation of osteoblast differentiation","4/81","65/10540",0.0615384615384615,8.00759734093067,4.98707537079169,0.00153555689659679,0.0199506941151824,0.00264116675751677,"PTCH1/TNF/TNFAIP6/IFITM1",4
"GO:0045824","negative regulation of innate immune response","4/81","66/10540",0.0606060606060606,7.88627010849233,4.93852056665971,0.00162517193606344,0.0208022007816121,0.00275389321646572,"SERPING1/ISG15/PARP14/USP18",4
"GO:0071677","positive regulation of mononuclear cell migration","4/81","66/10540",0.0606060606060606,7.88627010849233,4.93852056665971,0.00162517193606344,0.0208022007816121,0.00275389321646572,"CCL2/TNF/CMKLR1/CXCL10",4
"GO:0042119","neutrophil activation","3/81","31/10540",0.0967741935483871,12.5925925925926,5.68823924669523,0.0016830995009987,0.0213852642479834,0.0028310819015316,"TNF/CXCR2/CXCL8",3
"GO:0015837","amine transport","3/81","32/10540",0.09375,12.1990740740741,5.58334166225526,0.00184699013088249,0.0231275285953981,0.00306173105341732,"AQP9/SLC18A1/TNF",3
"GO:0060338","regulation of type I interferon-mediated signaling pathway","3/81","32/10540",0.09375,12.1990740740741,5.58334166225526,0.00184699013088249,0.0231275285953981,0.00306173105341732,"ISG15/ZBP1/USP18",3
"GO:0051249","regulation of lymphocyte activation","8/81","298/10540",0.0268456375838926,3.49324716215096,3.84218444888722,0.00199673518883894,0.0248227223475805,0.00328614877843308,"SOCS1/CCL2/MNDA/CD274/TNFSF13B/CD69/SAMSN1/FCGR3A",8
"GO:1902106","negative regulation of leukocyte differentiation","4/81","73/10540",0.0547945205479452,7.13005242685608,4.62499893405342,0.00235675834139443,0.0287664827746614,0.00380824233966359,"FSTL3/SOCS1/CD69/TNFAIP6",4
"GO:0036230","granulocyte activation","3/81","35/10540",0.0857142857142857,11.1534391534392,5.29476018654594,0.00239720689788845,0.0287664827746614,0.00380824233966359,"TNF/CXCR2/CXCL8",3
"GO:0038034","signal transduction in absence of ligand","3/81","35/10540",0.0857142857142857,11.1534391534392,5.29476018654594,0.00239720689788845,0.0287664827746614,0.00380824233966359,"TNF/IFI6/BCL2A1",3
"GO:0050918","positive chemotaxis","3/81","35/10540",0.0857142857142857,11.1534391534392,5.29476018654594,0.00239720689788845,0.0287664827746614,0.00380824233966359,"CCL2/CXCL8/CXCL10",3
"GO:0097192","extrinsic apoptotic signaling pathway in absence of ligand","3/81","35/10540",0.0857142857142857,11.1534391534392,5.29476018654594,0.00239720689788845,0.0287664827746614,0.00380824233966359,"TNF/IFI6/BCL2A1",3
"GO:0039530","MDA-5 signaling pathway","2/81","10/10540",0.2,26.0246913580247,6.96709406970059,0.00252216791040555,0.0297619148725215,0.00394002232441271,"IFIH1/DDX60",2
"GO:0071360","cellular response to exogenous dsRNA","2/81","10/10540",0.2,26.0246913580247,6.96709406970059,0.00252216791040555,0.0297619148725215,0.00394002232441271,"IFIT1/IFIH1",2
"GO:0030099","myeloid cell differentiation","7/81","242/10540",0.0289256198347107,3.76390164268952,3.82781511875942,0.00253182956380825,0.0297619148725215,0.00394002232441271,"FSTL3/SOCS1/HBB/ISG15/TNF/TNFAIP6/IL1R2",7
"GO:0002820","negative regulation of adaptive immune response","3/81","36/10540",0.0833333333333333,10.843621399177,5.20626087305493,0.00260075790690502,0.0299691758988824,0.00396746051427182,"CD274/CD69/SAMSN1",3
"GO:0045670","regulation of osteoclast differentiation","3/81","36/10540",0.0833333333333333,10.843621399177,5.20626087305493,0.00260075790690502,0.0299691758988824,0.00396746051427182,"FSTL3/TNF/TNFAIP6",3
"GO:1903707","negative regulation of hemopoiesis","4/81","75/10540",0.0533333333333333,6.93991769547325,4.54295644317194,0.00260149096344466,0.0299691758988824,0.00396746051427182,"FSTL3/SOCS1/CD69/TNFAIP6",4
"GO:0070663","regulation of leukocyte proliferation","5/81","125/10540",0.04,5.20493827160494,4.16180880133931,0.00270317009685076,0.0309342909096564,0.00409522698038674,"MNDA/CD274/TNFSF13B/FCGR3A/CCL8",5
"GO:2000402","negative regulation of lymphocyte migration","2/81","11/10540",0.181818181818182,23.658810325477,6.61663250206754,0.00306731223727512,0.034870497013233,0.00461632046472771,"CCL2/CD69",2
"GO:0046631","alpha-beta T cell activation","5/81","130/10540",0.0384615384615385,5.00474833808167,4.0431389918478,0.00320250132299539,0.0361694267067715,0.00478827888918746,"CLEC2B/SOCS1/CD274/CD69/RSAD2",5
"GO:0051279","regulation of release of sequestered calcium ion into cytosol","3/81","39/10540",0.0769230769230769,10.0094966761633,4.96037641459567,0.00327433063620313,0.0367405411646689,0.00486388570828996,"CXCL9/CXCL11/CXCL10",3
"GO:0007599","hemostasis","5/81","133/10540",0.037593984962406,4.89185927782419,3.97481849572583,0.00353227388272419,0.0393791565764348,0.00521319803152007,"PLEK/HBB/SERPING1/SLC6A4/FLI1",5
"GO:0042742","defense response to bacterium","5/81","134/10540",0.0373134328358209,4.85535286530311,3.95249884844222,0.00364743539206744,0.0400553867501104,0.00530272056366007,"GBP2/GBP4/ISG15/GBP5/GBP1",5
"GO:0071359","cellular response to dsRNA","2/81","12/10540",0.166666666666667,21.6872427983539,6.30982663094447,0.00366247170516056,0.0400553867501104,0.00530272056366007,"IFIT1/IFIH1",2
"GO:0098810","neurotransmitter reuptake","2/81","12/10540",0.166666666666667,21.6872427983539,6.30982663094447,0.00366247170516056,0.0400553867501104,0.00530272056366007,"SLC18A1/SLC6A4",2
"GO:0002573","myeloid leukocyte differentiation","5/81","135/10540",0.037037037037037,4.81938728852309,3.93039927066812,0.00376527337345623,0.0407965480130508,0.00540083897890596,"FSTL3/SOCS1/TNF/TNFAIP6/IL1R2",5
"GO:0042267","natural killer cell mediated cytotoxicity","3/81","41/10540",0.0731707317073171,9.52122854561879,4.8108000216853,0.00377745814935655,0.0407965480130508,0.00540083897890596,"FCGR3A/GZMB/SLAMF7",3
"GO:0010721","negative regulation of cell development","5/81","136/10540",0.0367647058823529,4.78395061728395,3.90851580614427,0.0038858224700211,0.0417062188086737,0.00552126547894712,"FSTL3/SOCS1/TNF/CD69/TNFAIP6",5
"GO:0045596","negative regulation of cell differentiation","8/81","334/10540",0.0239520958083832,3.11672950395505,3.45945706389115,0.00402441957609369,0.0428894954507437,0.00567791320829119,"FSTL3/SOCS1/PTCH1/TNF/MYOCD/CD69/SLC6A4/TNFAIP6",8
"GO:0032731","positive regulation of interleukin-1 beta production","3/81","42/10540",0.0714285714285714,9.29453262786596,4.73980430447478,0.00404571050837455,0.0428894954507437,0.00567791320829119,"TNF/GBP5/AIM2",3
"GO:0001935","endothelial cell proliferation","4/81","86/10540",0.0465116279069767,6.05225380419179,4.13990397242643,0.00426504154797621,0.0442253759601088,0.00585476335560835,"CCL2/TNF/PROK2/ZEB2",4
"GO:0050921","positive regulation of chemotaxis","4/81","86/10540",0.0465116279069767,6.05225380419179,4.13990397242643,0.00426504154797621,0.0442253759601088,0.00585476335560835,"CCL2/CMKLR1/CXCL8/CXCL10",4
"GO:0045987","positive regulation of smooth muscle contraction","2/81","13/10540",0.153846153846154,20.0189933523267,6.03815172306727,0.00430686462585013,0.0442253759601088,0.00585476335560835,"MYOCD/PROK2",2
"GO:2000659","regulation of interleukin-1-mediated signaling pathway","2/81","13/10540",0.153846153846154,20.0189933523267,6.03815172306727,0.00430686462585013,0.0442253759601088,0.00585476335560835,"IL1R2/ZBP1",2
"GO:0098586","cellular response to virus","3/81","43/10540",0.0697674418604651,9.07838070628768,4.67114206149817,0.00432528271832082,0.0442253759601088,0.00585476335560835,"IFIH1/IFI6/CXCL10",3
"GO:2000401","regulation of lymphocyte migration","3/81","43/10540",0.0697674418604651,9.07838070628768,4.67114206149817,0.00432528271832082,0.0442253759601088,0.00585476335560835,"CCL2/CD69/CXCL10",3
"GO:0050851","antigen receptor-mediated signaling pathway","5/81","141/10540",0.0354609929078014,4.61430697837317,3.80220854627098,0.00453044426207373,0.0460506334403729,0.00609639952891392,"CLEC2B/LCP2/MNDA/CD274/GBP1",5
"GO:0002228","natural killer cell mediated immunity","3/81","44/10540",0.0681818181818182,8.87205387205387,4.60468170103789,0.00461631384401643,0.0466490662132187,0.00617562287508541,"FCGR3A/GZMB/SLAMF7",3
"GO:0060760","positive regulation of response to cytokine stimulus","3/81","45/10540",0.0666666666666667,8.67489711934156,4.5403018649556,0.00491893783630796,0.0493686451502999,0.00653565353074042,"IFIH1/PARP14/ZBP1",3
"GO:0002675","positive regulation of acute inflammatory response","2/81","14/10540",0.142857142857143,18.5890652557319,5.79525066327377,0.00499971811417967,0.0493686451502999,0.00653565353074042,"FFAR2/TNF",2
"GO:1901623","regulation of lymphocyte chemotaxis","2/81","14/10540",0.142857142857143,18.5890652557319,5.79525066327377,0.00499971811417967,0.0493686451502999,0.00653565353074042,"CCL2/CXCL10",2
"GO:2001185","regulation of CD8-positive, alpha-beta T cell activation","2/81","14/10540",0.142857142857143,18.5890652557319,5.79525066327377,0.00499971811417967,0.0493686451502999,0.00653565353074042,"SOCS1/CD274",2
