"gene","covid_healthy_log2FC","covid_healthy_padj","covid_virus_log2FC","covid_virus_padj","direction"
"SNORD87",1.60617972782131,0.00268608381998281,2.88144789363999,3.88001391418928e-32,"Higher in COVID-19"
"SNORD102",2.83117318822009,0.00213776538987254,4.48358845099947,7.88820429784643e-32,"Higher in COVID-19"
"MIR191",2.25118573447386,0.0162110643899062,-3.97233809520373,1.47661816541674e-27,"Higher in COVID-19"
"SNORD99",1.35105549819067,0.0276893515281022,2.96623821987094,1.47661816541674e-27,"Higher in COVID-19"
"SNORD61",1.41566351816017,0.0224438301208902,2.96446176785507,9.35405902818741e-26,"Higher in COVID-19"
"SNORD45A",2.04991692054249,0.0214729334009272,3.74228705790248,1.84855804706447e-25,"Higher in COVID-19"
"SNORD12B",2.35954983141064,0.000177049288657887,3.1697461564209,4.79615547610831e-25,"Higher in COVID-19"
"SNORD8",1.27208818974041,0.00512973048734083,2.36696553520727,1.74690969687366e-23,"Higher in COVID-19"
"SNORD12C",2.33419908697496,1.40170028283074e-06,2.54840432774052,1.45775376639647e-22,"Higher in COVID-19"
"TFEC",2.37449779147674,0.00431812536480622,-3.40664422209517,3.74021898268461e-22,"Higher in COVID-19"
"SNORD79",2.19880225125256,0.00248489491657998,3.12905971549498,9.23599492713412e-21,"Higher in COVID-19"
"RPS6KA4",1.60962269038363,0.033615185898777,-2.76946852504374,6.57744284426747e-20,"Higher in COVID-19"
"CMKLR1",1.58850813813498,0.0280419673928802,-2.49603428865386,2.94774316809873e-19,"Higher in COVID-19"
"RNY5",-1.49032769620075,0.0110199252260134,2.29250277489313,4.67752411879798e-19,"Lower in COVID-19"
"SNORD21",1.4524721063065,0.0192779234286624,2.4767172923963,7.23804075463416e-19,"Higher in COVID-19"
"SNORD76",1.70803116108624,0.00184654137566877,2.44439729346182,7.4808294386216e-19,"Higher in COVID-19"
"SNORD1C",1.59382153822958,0.0409771140090356,2.98002447976692,1.2407021377472e-18,"Higher in COVID-19"
"BCLAF1",1.60361187261142,0.00112786929438268,-2.22628186886172,3.94983901242801e-18,"Higher in COVID-19"
"PPP1R15A",1.73105994900189,0.00145744138797197,-1.67288999687825,5.8156954090295e-18,"Higher in COVID-19"
"TRIM2",1.29709881054894,0.0158915134704976,-2.55316785237921,2.82857869694754e-17,"Higher in COVID-19"
"FLI1",1.98473576313205,0.0130223950543877,-3.1113902143172,7.46620782059599e-17,"Higher in COVID-19"
"GBP5",3.52501759357735,6.25182350864632e-09,-1.84197336322964,1.89309496329707e-16,"Higher in COVID-19"
"SNORD29",2.69996636610738,6.33305993864706e-05,2.73931859774808,1.98451008648071e-16,"Higher in COVID-19"
"CD274",2.76416877395131,1.08092272431889e-05,-2.02464387552481,2.14535779812775e-16,"Higher in COVID-19"
"SNORD47",1.61182042508043,0.00252667110720037,2.23219023324115,2.9582034668424e-16,"Higher in COVID-19"
"MLKL",1.64051548847681,0.0065095730545163,-1.87883259541316,7.54837976191842e-16,"Higher in COVID-19"
"IL20RA",1.69074334300741,0.0221328938489846,-2.60367614422848,2.42778273788445e-15,"Higher in COVID-19"
"SNORD14D",1.58995057512843,0.0480673979072323,2.66499348151524,4.12158071322144e-15,"Higher in COVID-19"
"SNORD63",1.76973533086467,0.0414428102782647,2.93379275812776,1.47268307149058e-14,"Higher in COVID-19"
"ZNF81",2.42694113005006,0.0109787384598371,-3.4433920871861,1.96181398226495e-14,"Higher in COVID-19"
"SLAMF7",2.26596324095512,0.00246905443117284,-2.43780552844969,3.18966331193319e-14,"Higher in COVID-19"
"SNORA45A",-1.0825630325883,0.01955399865756,1.82776061077993,3.18966331193319e-14,"Lower in COVID-19"
"PLAUR",1.98721248832955,0.0159128848298068,-2.01843987369704,4.39496943911106e-14,"Higher in COVID-19"
"ZEB2",1.73777282868345,0.00193427406228396,-1.83031708213623,5.22684972620114e-14,"Higher in COVID-19"
"GDI1",3.29348494828434,5.11794639280426e-06,1.77125883036728,6.25843556167917e-14,"Higher in COVID-19"
"PTMS",-1.07395190716167,0.0190223804338215,-1.60307647859749,1.27518593198372e-13,"Lower in COVID-19"
"LOXHD1",-1.79156801019821,0.0038267635536606,-1.97818000227463,1.65258458219011e-13,"Lower in COVID-19"
"GBP2",2.38702463983676,1.92261451799105e-05,-1.49769994413604,1.73518045523488e-13,"Higher in COVID-19"
"GBP1",3.20576899714572,2.23326803895811e-10,-1.59362891974216,2.06701367948836e-13,"Higher in COVID-19"
"SNORD80",1.67662544016685,0.0143694287755422,2.41445906685687,2.07789583508067e-13,"Higher in COVID-19"
"ZNFX1",1.07179455612638,0.000177049288657887,-1.28793172646692,4.67523707440056e-13,"Higher in COVID-19"
"SNORA64",1.21091369911927,0.030035168446344,1.85467301343144,1.63973201313097e-12,"Higher in COVID-19"
"SYNJ1",1.99533967088877,0.0153933187011248,1.88549257915389,2.41138589132166e-12,"Higher in COVID-19"
"SNORA20",1.12261500204998,0.0240324069841312,1.65708030565605,2.71783198565959e-12,"Higher in COVID-19"
"SNORA14B",1.23480533489363,0.015071798539472,1.78090675119192,7.21749252360667e-12,"Higher in COVID-19"
"CD164",1.37774229039834,0.0165262059626913,-2.16433367498965,8.68351501812863e-12,"Higher in COVID-19"
"OTOF",1.3606664077737,0.0242588393285876,-1.78548805820358,8.72833744708049e-12,"Higher in COVID-19"
"L3MBTL1",3.02809837854252,0.000555089105081994,2.13019596025587,1.95721072116457e-11,"Higher in COVID-19"
"SNORD119",4.28248845370603,5.38564235251371e-12,2.09931654591086,2.36339531341259e-11,"Higher in COVID-19"
"PFKFB4",2.67523451913193,0.00488966332195368,2.19217892820412,3.40895136625119e-11,"Higher in COVID-19"
"SNORD32A",-1.35685851899053,0.00739121722944376,1.8325521699832,4.73299912054862e-11,"Lower in COVID-19"
"PLEK",2.41545353464352,0.00259501487182097,-1.95253370034822,5.10844635696134e-11,"Higher in COVID-19"
"SLC18A1",3.2065291937813,0.00822554413362207,-3.24057310920683,6.32178133504166e-11,"Higher in COVID-19"
"APOL1",1.08076213799656,0.0460872826832025,-1.47429624095111,7.49815837166803e-11,"Higher in COVID-19"
"RNU5E_1",-1.52347068542672,0.00168630047258599,1.60425337493866,7.5989227061656e-11,"Lower in COVID-19"
"PLEKHG2",1.53515707147288,0.0446438911657761,-1.74211391020617,8.07882138131832e-11,"Higher in COVID-19"
"SNORA18",2.30054615940225,0.00376520344548354,2.27844198752399,9.64479070004412e-11,"Higher in COVID-19"
"G0S2",2.99701249364721,0.001374482216303,-2.09474355732334,1.05998039916523e-10,"Higher in COVID-19"
"SNORD56",1.62766960758217,0.00343169140640507,1.8142890479468,1.45832742823663e-10,"Higher in COVID-19"
"CXCL11",5.32479444400125,3.5730437583552e-05,-2.96132406541209,1.52921041700257e-10,"Higher in COVID-19"
"CXCL10",6.06549920250503,2.92298294412341e-08,-2.49650972379062,1.70175863218042e-10,"Higher in COVID-19"
"RNU2_2P",2.46439248028441,5.67000836674737e-05,1.81283093056907,2.05123104554887e-10,"Higher in COVID-19"
"TMEM117",3.15566014853114,0.000689060788225975,2.18420896498504,2.19700852558808e-10,"Higher in COVID-19"
"RNU12",1.41969149114166,0.019605996986022,1.51699664650908,2.19700852558808e-10,"Higher in COVID-19"
"SNORD83B",-1.64920670793344,0.00236303166226101,1.95443761134181,2.30824640914409e-10,"Lower in COVID-19"
"PXK",1.3303596952502,0.0147915436249418,-1.95774975133901,2.39552954568068e-10,"Higher in COVID-19"
"IFIT2",5.50677230372424,5.76986351705656e-16,-1.75807083031338,2.46272261687524e-10,"Higher in COVID-19"
"MIRLET7D",3.67033541379122,0.000656322833807476,2.88871029350422,2.61899356818853e-10,"Higher in COVID-19"
"HMX3",-2.47854432304937,0.0020270637309411,-3.30932191799103,2.72919006709598e-10,"Lower in COVID-19"
"SNORA73A",1.25555978883603,0.00186512536239401,1.46503839055669,3.22956793874271e-10,"Higher in COVID-19"
"ISG20",1.8248188728832,0.000761618216551664,-1.46305423158058,3.35401072365505e-10,"Higher in COVID-19"
"SNORD116_8",1.98124014109045,0.00302028647682501,2.09120233736962,3.46598440042556e-10,"Higher in COVID-19"
"SNORD116_2",1.67246729610484,0.00635195511458686,1.96691064788496,5.00135532980676e-10,"Higher in COVID-19"
"SNORD116_16",1.66253486770759,0.0215933337028865,2.16610822143804,6.82421678228838e-10,"Higher in COVID-19"
"SNORD116_24",2.06284640358198,0.0043251898315007,2.23047823782619,7.32394800691352e-10,"Higher in COVID-19"
"IFIT3",4.53091164275534,1.14890985136368e-15,-1.5028122048582,8.91649763186806e-10,"Higher in COVID-19"
"ALG9",2.40587508093853,0.00275066063838706,1.97950319107661,1.0389037970382e-09,"Higher in COVID-19"
"SNORA13",1.35689669229541,0.0225861705899457,1.78625018535818,1.15637018461139e-09,"Higher in COVID-19"
"SNORA6",1.21752216749829,0.0228102437070544,1.65834281943304,1.81792830975353e-09,"Higher in COVID-19"
"ACTA2",4.60486879748169,4.85534652565437e-08,1.75453619500929,2.0827057722558e-09,"Higher in COVID-19"
"SEPT10",2.22956388435105,0.000164775894878162,1.49758743690427,2.1250951793909e-09,"Higher in COVID-19"
"SNORA81",2.89312682662122,0.00184654137566877,2.49542397116189,2.3251886922822e-09,"Higher in COVID-19"
"SNORA77",-1.14231901958374,0.0477607465531307,1.78278873580259,2.33136473480234e-09,"Lower in COVID-19"
"SCARNA5",1.18517246713722,0.00206825828739752,1.24329792327783,2.62921896097386e-09,"Higher in COVID-19"
"PIGQ",3.0232005764983,0.00125758146250957,1.98436299383727,2.91055937614374e-09,"Higher in COVID-19"
"SCGB1B2P",3.1022978609727,0.00112529161210916,2.14911465283677,3.00596335962899e-09,"Higher in COVID-19"
"SCARNA10",1.58979416988595,0.000317413436930673,1.28567489149889,5.28421627629466e-09,"Higher in COVID-19"
"SNORD116_15",2.14008127734027,0.00281190486677841,2.08463953974204,5.63501643991761e-09,"Higher in COVID-19"
"CCL2",4.04564557173919,0.00249517652560736,-2.50914576490538,8.54432425222891e-09,"Higher in COVID-19"
"GABRG3",2.42220505550431,0.0422124329861451,-2.84078177512939,9.29719015379363e-09,"Higher in COVID-19"
"SNORA80B",-1.55555706971982,0.0040027470037602,1.48001325643366,1.0680209918831e-08,"Lower in COVID-19"
"SNORD116_20",2.12182709842143,0.00189066475578555,2.01518463802093,1.14072200077757e-08,"Higher in COVID-19"
"IL1B",3.31688175310264,0.000944221092403812,-2.08715502402829,1.23493800334968e-08,"Higher in COVID-19"
"NEXN",2.35526059747926,0.000778700559817375,-1.72174388374792,1.5276479544465e-08,"Higher in COVID-19"
"SNORA72",2.6182953326997,6.26914929335924e-05,1.62969970474629,1.6875587533283e-08,"Higher in COVID-19"
"DCLK2",4.83157425155533,9.73896779752844e-07,2.01103658656548,2.13929711168088e-08,"Higher in COVID-19"
"SNORD117",1.87701473609771,0.0325455437668844,2.42759526559212,2.718275131407e-08,"Higher in COVID-19"
"SNORD44",2.21503030913757,0.000422290939165079,1.8308770654074,2.8337957533028e-08,"Higher in COVID-19"
"AQP9",3.6774722895655,0.000296585812073648,-2.02439814540626,3.08567114786493e-08,"Higher in COVID-19"
"DANT2",-3.77476798384867,4.39936739968651e-09,1.93497189187293,3.2821884786021e-08,"Lower in COVID-19"
"RNU6_31P",2.12883518658869,0.00144629912722835,1.71449005229437,3.37821572241661e-08,"Higher in COVID-19"
"SNORA22",1.45577516107272,0.0479829667607183,1.85686222583035,4.36454270722067e-08,"Higher in COVID-19"
"FYB",2.60809013748255,2.05998893980565e-05,-1.26633766776932,4.57991849372173e-08,"Higher in COVID-19"
"NUCB2",1.30873721538949,0.00139620262676892,1.2846358545874,4.64928131820754e-08,"Higher in COVID-19"
"SNORD116_1",2.18067304681585,0.000698264573020749,1.88039468014222,4.99909012984222e-08,"Higher in COVID-19"
"SNORD22",1.56290265948231,0.00868506781401597,1.181544451292,5.94771329836853e-08,"Higher in COVID-19"
"GZMB",3.09574922725503,0.000744054542089923,-1.96267040506706,6.07371604966707e-08,"Higher in COVID-19"
"SCARNA3",1.42332605503023,0.00479269417221321,1.48376894465489,6.46903535650706e-08,"Higher in COVID-19"
"SSR4P1",2.87221999936516,7.22682138456417e-06,1.48618747432444,8.02823478103745e-08,"Higher in COVID-19"
"TNFAIP3",2.07482099499176,3.98559617367423e-05,-1.11104404543428,8.26408152943999e-08,"Higher in COVID-19"
"HELZ2",1.26580032860356,0.0238254160828066,-1.24271278757186,8.62099258814488e-08,"Higher in COVID-19"
"ADCK2",5.63401956473177,7.65646429550354e-11,1.74540804722703,9.3316432886196e-08,"Higher in COVID-19"
"SNORD116_22",1.83787003170534,0.0120500496190875,1.99241645533883,9.57746443344744e-08,"Higher in COVID-19"
"SNORA19",2.34487818365623,0.000944221092403812,1.82956134888586,9.73285818435101e-08,"Higher in COVID-19"
"CLEC4E",3.44489694988191,0.000923155802267251,-1.7185938097125,1.24078576545518e-07,"Higher in COVID-19"
"IL1R2",2.74212304685449,0.0285263462916937,-2.30676583312328,1.28806988139284e-07,"Higher in COVID-19"
"LCP2",2.69600848848786,6.30660940816675e-05,-1.39815146284013,1.61663398809749e-07,"Higher in COVID-19"
"PVRL3",2.08181532942765,0.00455619849086341,-1.97708818605501,2.18441448715394e-07,"Higher in COVID-19"
"NFKBIA",1.71852662597349,0.00408816188096272,-1.08950519120757,2.57082420887498e-07,"Higher in COVID-19"
"MRTO4",-2.08190703844469,0.000129346738202235,1.37448174142586,2.93007449404488e-07,"Lower in COVID-19"
"BATF2",1.76900603361837,0.00638176055999587,-1.56179680294345,3.17077276321076e-07,"Higher in COVID-19"
"FBXO36",1.47594967646971,0.00242633936561985,1.0844674659792,3.25569049909665e-07,"Higher in COVID-19"
"SNORA60",-1.15128721042996,0.00394769969005045,1.26349213818518,3.29231300056392e-07,"Lower in COVID-19"
"ATF3",2.00890197950853,3.90160437018633e-05,-1.12067490292518,3.32082461770125e-07,"Higher in COVID-19"
"MIR1246",2.40101796851082,0.000151669634043234,1.472400418014,3.48012735854123e-07,"Higher in COVID-19"
"LRRK2",2.16709407821646,0.00526102938115909,-1.51688636816761,3.78289391384381e-07,"Higher in COVID-19"
"JPH3",-1.28084145120378,0.0447745318695743,-2.23755998856673,3.84733912229578e-07,"Lower in COVID-19"
"TYMP",1.22100509384212,0.00197344790070147,-1.04443360525353,4.00319279714703e-07,"Higher in COVID-19"
"SERPINB3",1.22601278112292,0.00344536442454695,1.08972357525057,4.70483387626279e-07,"Higher in COVID-19"
"RUFY4",2.3664579978913,0.000241669910757615,-1.45789020131543,5.13140067901293e-07,"Higher in COVID-19"
"MILR1",2.36243257592606,0.0034098203973238,-1.66186795017858,6.81808481167079e-07,"Higher in COVID-19"
"SOD2",2.01853455391207,0.000994291571654625,-1.14526256436298,1.16859405026281e-06,"Higher in COVID-19"
"MYOCD",5.21299004289291,5.73289806882826e-05,-2.53793571246029,1.17679656054798e-06,"Higher in COVID-19"
"ANGPT1",1.86889246621752,0.0239711926420207,-1.81551764728885,1.26994257351183e-06,"Higher in COVID-19"
"COX8A",-1.4128851098286,0.0009322388157077,1.20244441682339,1.29199512154764e-06,"Lower in COVID-19"
"SNORD49A",2.07399576066679,0.0231870890444604,2.11273562975639,1.415533227638e-06,"Higher in COVID-19"
"EGR1",1.8439142623086,0.00782433782198184,-1.20916784613151,1.43281015849161e-06,"Higher in COVID-19"
"CASP5",3.13752010703852,0.0167769839252461,-2.02445878217094,1.72046246174911e-06,"Higher in COVID-19"
"CARD16",3.59284979506063,1.15618952029015e-06,-1.37011494916184,1.95467077808334e-06,"Higher in COVID-19"
"AIF1",1.46495671511727,0.0190750436773572,-1.15239435080853,2.11320795857786e-06,"Higher in COVID-19"
"NCAPH",-1.24507900857454,0.0482313084521802,-1.82502892965215,2.40714708069744e-06,"Lower in COVID-19"
"STATH",2.04053799675288,0.0280653749760567,-1.72420238730161,2.47215983576319e-06,"Higher in COVID-19"
"EFCAB10",1.21959031211814,0.0122123330750553,1.22482965382653,2.54085595106239e-06,"Higher in COVID-19"
"DDX58",3.20364030234356,1.34486738998544e-11,-1.22129731951049,2.61969292619014e-06,"Higher in COVID-19"
"MNDA",3.49343536476651,5.67000836674737e-05,-1.51911850696309,2.79997072454327e-06,"Higher in COVID-19"
"MSMB",1.56842465647178,0.00621615011969666,1.37098661642741,2.8023716051395e-06,"Higher in COVID-19"
"SNORA68",1.50970308170549,0.000115422501109276,1.04113079618509,3.51648522203122e-06,"Higher in COVID-19"
"RNU6_36P",2.82874748341945,0.000427615101108876,1.65913308069552,3.72746788651999e-06,"Higher in COVID-19"
"OASL",2.95029243232665,1.09147629952335e-05,-1.27017793369025,3.96145411308418e-06,"Higher in COVID-19"
"BUB1",1.94712273758778,0.00212890063880767,1.31341713172501,4.40116200561505e-06,"Higher in COVID-19"
"SNORA28",1.87640237398658,0.0143694287755422,1.72399601598906,4.79426003899388e-06,"Higher in COVID-19"
"SNORD116_21",2.19868472760902,0.00595254576459753,1.85092062111506,5.54883726284535e-06,"Higher in COVID-19"
"PIK3AP1",2.27826070872221,0.000498469577512406,-1.18268621826018,5.72614658890303e-06,"Higher in COVID-19"
"NOX4",6.14398104391049,2.29817023810585e-05,-2.89886738496659,5.73483315927688e-06,"Higher in COVID-19"
"SCARNA9",2.10609927973005,0.0014792141580137,1.47652687004339,6.79165453408333e-06,"Higher in COVID-19"
"USP18",2.65060274607711,1.23026266837672e-09,-1.04013270612385,7.09808140002469e-06,"Higher in COVID-19"
"RSAD2",5.33409008904523,1.09671915059441e-17,-1.17481997113069,7.41056547811e-06,"Higher in COVID-19"
"SMTNL1",2.55860558555091,0.00723187371403242,-1.65474636519517,7.96339537820998e-06,"Higher in COVID-19"
"GBP4",2.39946137971388,4.57600598488264e-06,-1.19522465186345,8.92628937175353e-06,"Higher in COVID-19"
"SNORA78",-1.35269809908112,0.0053361638862046,1.39668085030435,8.93756967341138e-06,"Lower in COVID-19"
"GGCX",1.38937390384146,0.0473017357832137,-1.45527386334283,9.38694411533251e-06,"Higher in COVID-19"
"SNX10",2.28343638864536,0.0127805713522337,-1.39077518516121,1.18911951458269e-05,"Higher in COVID-19"
"IL1RN",2.53934881090597,0.00160321458773868,-1.27337640900083,1.28327723363245e-05,"Higher in COVID-19"
"OLA1",1.08659818411398,0.0035193205846131,1.08246254962053,1.44062704103927e-05,"Higher in COVID-19"
"FGR",2.07346619568394,0.0251745455149123,-1.51117247486018,1.51282456375464e-05,"Higher in COVID-19"
"PLVAP",2.06939716959805,0.00615176767377199,-1.43685577901464,1.53999059988839e-05,"Higher in COVID-19"
"GBP7",2.17871299958969,0.0176351039119024,-1.6145265029752,1.66646045560052e-05,"Higher in COVID-19"
"ARL5A",2.42056663202777,0.00101539731405425,1.30514197113036,1.75316680166447e-05,"Higher in COVID-19"
"CNN1",3.14139508084128,0.0439436909316632,-3.16042906193862,1.78801528096028e-05,"Higher in COVID-19"
"ZBP1",3.99382450020637,1.63289346869947e-06,-1.34226941460801,1.8456242571301e-05,"Higher in COVID-19"
"C2orf40",2.77590971446603,3.27326254972853e-05,1.19770975727413,1.92629571512045e-05,"Higher in COVID-19"
"SF3B5",-1.22015835131325,0.000165455783069851,1.11080638750945,1.93525619903441e-05,"Lower in COVID-19"
"LMNB1",1.89191974034376,0.00218873982693727,-1.0428088712034,2.08443185312116e-05,"Higher in COVID-19"
"AIM2",2.66441074406339,0.00390409217391209,-1.37804964769268,2.08443185312116e-05,"Higher in COVID-19"
"VTRNA1_2",-2.0716047091975,0.00370542333939384,1.16932318871821,2.09586981229749e-05,"Lower in COVID-19"
"PROK2",3.58352366804916,0.00278236072096283,-1.95765093554956,2.24112794612401e-05,"Higher in COVID-19"
"BCL2A1",3.59974518207443,0.000100145303854447,-1.41773536838147,2.26979979409918e-05,"Higher in COVID-19"
"TNF",2.73424531446249,0.00677927700721595,-1.57902254668122,2.53412586894854e-05,"Higher in COVID-19"
"GBP1P1",1.82024176032928,0.0182498382506873,-1.32931298011252,2.63171833041935e-05,"Higher in COVID-19"
"SP140",2.39824506049244,0.000393893639366078,-1.1085821443829,2.70475413821854e-05,"Higher in COVID-19"
"SNORD74",1.81158124895327,0.022867510095966,1.44440867149362,2.79462095672692e-05,"Higher in COVID-19"
"TFF3",-1.40068147272945,0.0372150672112736,1.40488258974608,2.79462095672692e-05,"Lower in COVID-19"
"SNORD31",-1.55439878115471,0.00367048647207505,1.13507195121073,2.92829977603957e-05,"Lower in COVID-19"
"PMAIP1",1.60050042582835,0.00419047722494979,-1.11149626737366,2.96486932985106e-05,"Higher in COVID-19"
"SNORD116_25",1.86566730358539,0.0421914389838465,1.95683533144942,2.96486932985106e-05,"Higher in COVID-19"
"NRGN",2.00398131070107,0.0146686641111664,1.1872246694252,3.17067681062023e-05,"Higher in COVID-19"
"ACRBP",1.76894937898187,0.0168107541718461,-1.22362616346171,3.17067681062023e-05,"Higher in COVID-19"
"AGR3",1.69344599939809,0.00423469122847646,1.34929889620154,3.93231581425713e-05,"Higher in COVID-19"
"LOC283214",-4.64700465260655,5.48853291306829e-08,-2.63993157373016,4.1294742789861e-05,"Lower in COVID-19"
"FBXL13",1.39942803970313,0.00993184651245667,-1.39442078469655,4.27798732957347e-05,"Higher in COVID-19"
"PACS2",-1.89644684574768,2.75112404874313e-06,-1.05022553479913,4.49027153096206e-05,"Lower in COVID-19"
"SPRED3",3.04265456605158,0.0201780073339405,-2.3077920897612,4.59474908309229e-05,"Higher in COVID-19"
"KLHDC8B",-1.25535165459915,0.0032733213941233,1.06057054255315,4.87387328751791e-05,"Lower in COVID-19"
"GIMAP4",3.02725899847701,6.18177539718126e-08,-1.02324725590424,5.46497768643839e-05,"Higher in COVID-19"
"DTHD1",1.11536149216398,0.0143377646081465,1.11609747227402,6.32544824043362e-05,"Higher in COVID-19"
"RNVU1_1",-2.64275101909881,0.000190705844451766,1.23852556121306,6.56677760244023e-05,"Lower in COVID-19"
"FFAR2",4.23797810896831,0.000151327759786051,-1.59169098867512,6.79683788230776e-05,"Higher in COVID-19"
"EMB",1.05674385528184,0.0117578746713286,1.07060120432191,7.43901842411076e-05,"Higher in COVID-19"
"SRGN",3.17382298626285,0.000116072551203564,-1.25729232757873,8.1264288519392e-05,"Higher in COVID-19"
"CEP76",1.72320832183405,0.0138518392800825,1.16363569918047,8.16456178872382e-05,"Higher in COVID-19"
"CD69",3.19697037273843,0.00201463288943239,-1.49226045257158,9.17206681991616e-05,"Higher in COVID-19"
"DFNB31",-1.67323970770194,0.000114086182811855,-1.00078401690745,9.85863676865099e-05,"Lower in COVID-19"
"SNORD82",2.00011733950106,0.032666185422067,1.68785270406067,0.000111514835911047,"Higher in COVID-19"
"CXCL9",3.39660785427154,0.000158882921320781,-1.51462356677011,0.000117633724856718,"Higher in COVID-19"
"DYSF",2.43598917251602,0.0120901828578503,-1.35962575744672,0.000118350883969912,"Higher in COVID-19"
"ZFP36",2.1244649819956,0.00635712301822397,-1.07649137729328,0.000126075814893777,"Higher in COVID-19"
"TNFAIP6",4.71535975893727,0.000763616698592639,-1.65798197437048,0.000134384006898243,"Higher in COVID-19"
"IL10RA",1.52324815446624,0.0217145499000618,-1.03998996683232,0.000138642336416761,"Higher in COVID-19"
"DZIP3",1.04125288228835,0.0110919058318483,1.06278591376409,0.000143947833134297,"Higher in COVID-19"
"CBLC",-1.00116820482166,0.019063709593794,-1.37662070615279,0.000149189161765434,"Lower in COVID-19"
"SNORA10",-1.76995163725,6.35570310416578e-06,1.03309269020795,0.000149533908932393,"Lower in COVID-19"
"SERPINA1",2.71076474296672,0.000105651287189028,-1.07864184363783,0.000165301607437946,"Higher in COVID-19"
"PEX11G",1.87123024899238,0.029370012330676,-1.51578232828184,0.000168283793889373,"Higher in COVID-19"
"MUC15",1.43731542645779,0.00205689151935603,1.09210160478593,0.000173924314384927,"Higher in COVID-19"
"MTMR9LP",2.43383666119756,0.00689221017633788,1.28222238119931,0.000194603900092107,"Higher in COVID-19"
"COL18A1",-2.20681222154725,0.000151823419840602,-1.01768359871447,0.000196995697429941,"Lower in COVID-19"
"SLC25A32",1.60005955410627,0.000527170126809001,1.04910435743717,0.000198850168704029,"Higher in COVID-19"
"ALDH5A1",-1.29442799162016,0.0013195708025114,1.01587488633212,0.000201341047977916,"Lower in COVID-19"
"GS1_279B7.1",4.97286892847082,0.0145641643541217,-3.56964715450228,0.000203191656177572,"Higher in COVID-19"
"IFITM2",2.52578172560374,0.000944686883614935,-1.06923241073031,0.000204331542068943,"Higher in COVID-19"
"BRE_AS1",3.40695954642497,0.001220226369232,-1.50098263495665,0.000208412817009559,"Higher in COVID-19"
"FAM131C",3.03600130339091,0.0335058837990089,-2.24233372572866,0.000221504588530096,"Higher in COVID-19"
"ESAM",-2.84054669746348,6.52745121144822e-05,1.23765087647788,0.000225204166488104,"Lower in COVID-19"
"IRF7",1.99809410152002,0.0022095072207439,-1.00354207067503,0.000226374985034941,"Higher in COVID-19"
"ZNF493",1.15799869144158,0.0173396606976097,1.00376602846774,0.000247303764961639,"Higher in COVID-19"
"CXCL8",3.58705121434144,7.62105654736539e-06,-1.14289244561628,0.000314260336349172,"Higher in COVID-19"
"SNORD116_23",1.62798165073418,0.02116831870039,1.40773410252604,0.000327528035864069,"Higher in COVID-19"
"GPR65",2.40956331963024,0.00408816188096272,-1.24496833376895,0.000329142536696387,"Higher in COVID-19"
"TREM1",2.23564572653778,0.0286331712913447,-1.30954904778139,0.000339142143849776,"Higher in COVID-19"
"COLGALT2",-1.32055310721635,0.0222649048916168,-1.40655688756993,0.00035057139256931,"Lower in COVID-19"
"ITGAX",2.10271475100564,0.0138518392800825,-1.13177354151665,0.000356841768341176,"Higher in COVID-19"
"SNORD25",-1.98002506218146,0.00112893001868876,1.36118958925524,0.000387103510345049,"Lower in COVID-19"
"SLC22A7",-2.30098308879166,1.55330991792062e-05,1.03032586460076,0.000424747024472595,"Lower in COVID-19"
"NIFK",1.16366268553117,0.0260480940443021,1.0057017311394,0.000446456123239751,"Higher in COVID-19"
"ATAD2",1.44972751246328,0.0107451403201135,-1.11209249687023,0.000462713914189901,"Higher in COVID-19"
"GPC4",1.10045807813276,0.0431232966845115,1.07692012582644,0.000463046488197307,"Higher in COVID-19"
"ZNF826P",-2.92982168030045,2.70654556683619e-06,-1.73606268729087,0.000476130110342885,"Lower in COVID-19"
"TTC21B",1.03897637832243,0.0263251456947744,1.00792183270863,0.000510213314579608,"Higher in COVID-19"
"LILRB3",2.340915114349,0.0166016902858298,-1.211093719067,0.000515332152096996,"Higher in COVID-19"
"SGPP1",2.56463290451288,0.0369820841290105,-1.97289218071205,0.000528434465672719,"Higher in COVID-19"
"SLC6A1",-2.3048001688473,0.0216323308406903,-1.68692169256287,0.00055108962337128,"Lower in COVID-19"
"RNASEH2A",2.58166070881169,0.00142854518985902,1.13385764666272,0.0005620772021832,"Higher in COVID-19"
"MED7",1.18824832383847,0.0387632422813765,1.08698155850888,0.000617528191497852,"Higher in COVID-19"
"SNORD88A",-1.63966093470372,0.0257173126956596,1.24247562913199,0.000621909198343663,"Lower in COVID-19"
"RNASE7",3.51264503521626,0.0401188411347999,-2.53343562223897,0.000630983453683405,"Higher in COVID-19"
"ATF7IP2",1.23783668297672,0.0146048472673488,1.00716266949857,0.000635898182353159,"Higher in COVID-19"
"SOCS1",6.15208302175584,8.01058909903564e-13,1.1396257642268,0.000640553050802057,"Higher in COVID-19"
"TMEM229A",3.19226822875929,0.00784164334088036,1.62325571016238,0.000710632992762454,"Higher in COVID-19"
"RTP4",1.83702616238592,0.00378335182248533,-1.15213379981551,0.000786675296498403,"Higher in COVID-19"
"CXorf21",2.41581138431084,0.00706530542940304,-1.22289374092587,0.000817801385270385,"Higher in COVID-19"
"CCRL2",2.30988593268519,0.0475176819351466,-1.39790787240545,0.000832167392023555,"Higher in COVID-19"
"SAA2",1.95264428868064,0.00333307354485915,-1.0483564017844,0.000834907004755335,"Higher in COVID-19"
"SNORD111B",1.96110447617018,0.0442836351621909,1.50623898195952,0.000892861420392582,"Higher in COVID-19"
"ENTPD1_AS1",4.3035821963784,0.00180767196406358,-2.33964153072732,0.000899166280533862,"Higher in COVID-19"
"SMG8",2.20810392743118,0.00685922258811434,1.0599135329723,0.000901703897628955,"Higher in COVID-19"
"RNF182",-2.67817950092658,0.000108451296903328,-1.55986826832196,0.000937119766901791,"Lower in COVID-19"
"NEIL3",2.27002855427549,0.0263427587833084,-1.54892863586093,0.000969619330114775,"Higher in COVID-19"
"LOC730668",2.89819440595933,0.00916558917026731,-1.52292363679,0.00103753452315639,"Higher in COVID-19"
"ONECUT1",-3.13373948505722,1.21617864918776e-06,1.09635421028185,0.00105292775413656,"Lower in COVID-19"
"SERPINB9P1",2.34619690922238,0.0183108251845728,-1.23920898333832,0.00105373172540361,"Higher in COVID-19"
"MIR3609",1.53126482801069,0.0386638419072448,1.13754024539848,0.00114490145939208,"Higher in COVID-19"
"PAG1",1.83125955628944,0.0222521721114475,-1.0222156533344,0.00119958497586236,"Higher in COVID-19"
"COL5A1",4.0983145555774,1.86028827551715e-06,1.08964257483439,0.00120825245547894,"Higher in COVID-19"
"CSF3R",2.62117579274312,0.00924638993300638,-1.12387837514706,0.00121363620818555,"Higher in COVID-19"
"CD53",2.02777083708225,0.00773484573661245,-1.09574535662534,0.00121916871465926,"Higher in COVID-19"
"CXCR2",2.5483879760092,0.0307545660802442,-1.38387906577154,0.00125127536092109,"Higher in COVID-19"
"SNORA15",3.06430453617544,0.000373457963666552,1.09353976805015,0.00126551429712287,"Higher in COVID-19"
"COMTD1",-2.64082915569952,1.81644964781914e-05,-1.1355190487872,0.00137286848402746,"Lower in COVID-19"
"MOV10L1",-4.1818011085952,2.90908932818558e-08,-1.36691442500361,0.00142164690835981,"Lower in COVID-19"
"IL18R1",2.60523934255754,0.00199165617146002,-1.14326319115244,0.0014377530889097,"Higher in COVID-19"
"CLCN1",4.38065434614079,0.0110262746254463,-2.42804852965736,0.0015220874720681,"Higher in COVID-19"
"ZNF585A",1.96175941432467,0.0429481383647786,-1.59447626841729,0.00166100778109815,"Higher in COVID-19"
"PRSS36",-2.68262652616736,2.92387344486765e-06,-1.24698383713475,0.00191091732523262,"Lower in COVID-19"
"C21orf62",1.970565419069,0.0112322459016518,1.08356671881599,0.00195091532044206,"Higher in COVID-19"
"PHACTR1",1.80398413178381,0.0305643633222177,-1.03361220287754,0.0021386332343515,"Higher in COVID-19"
"TEK",4.19174142658532,0.0191353985390525,-2.41700571092979,0.00233731650534434,"Higher in COVID-19"
"TAGAP",2.27084138723067,0.0147915436249418,-1.01468782160631,0.00270379462100064,"Higher in COVID-19"
"BCL2L14",1.71900589092559,0.011307723618289,-1.01250387376775,0.00279923184796376,"Higher in COVID-19"
"CD109",-2.18835517650249,0.0153600086590159,-1.40894633135673,0.00290830772662823,"Lower in COVID-19"
"TREML2",2.87975701179863,0.0143377646081465,-1.26007851397169,0.00319535602279504,"Higher in COVID-19"
"FCGR2A",2.83587281369465,0.00220343480922917,-1.00608200218391,0.00327312441268202,"Higher in COVID-19"
"ESR1",-3.68215103438473,4.34815785625455e-12,-1.07307776983919,0.0045434188011069,"Lower in COVID-19"
"SLC6A4",4.7886514516113,4.35131309842777e-06,-1.22818119909759,0.00506071352994999,"Higher in COVID-19"
"MYRFL",-1.6622133499787,0.00804667536588288,-1.09538522499518,0.00511701577245671,"Lower in COVID-19"
"FJX1",3.44887826406144,8.70227061267763e-05,1.02638646643321,0.00523697612004655,"Higher in COVID-19"
"CD86",1.53305373185848,0.0453384431307245,-1.02638737703349,0.0052807235049473,"Higher in COVID-19"
"LOC100129203",-1.29437753851676,0.0421788968088962,-1.08584535671852,0.00637554387208495,"Lower in COVID-19"
"HCAR3",3.66884820525274,0.000579221767128922,-1.12530721322893,0.00677908382852512,"Higher in COVID-19"
"EVPLL",-1.61387480470361,0.0369993934091291,1.01223601973622,0.00715057234018797,"Lower in COVID-19"
"MIR6723",2.84187266008448,0.00479269417221321,-1.22427452643352,0.00719543806214353,"Higher in COVID-19"
"CARD8_AS1",1.93733984864493,0.0371814713900495,-1.14989900929692,0.00787038210212193,"Higher in COVID-19"
"PRMT8",-1.78632486257181,0.0074205775073928,-1.16492797082062,0.00789861683586956,"Lower in COVID-19"
"LINC01272",2.66021128519782,0.0437383262365364,-1.20364943612133,0.00804932410886568,"Higher in COVID-19"
"CCER2",-1.94135666977622,0.000935455360023407,-1.0119424499046,0.0080798213936786,"Lower in COVID-19"
"IL18RAP",2.53572767076874,0.012308857428455,-1.09358471997036,0.00947696336892614,"Higher in COVID-19"
"LOC101927697",6.43375434277087,0.0266225345138021,3.04549717476125,0.00949579779218103,"Higher in COVID-19"
"PRSS21",-3.81179150633239,4.40072511210005e-06,-1.27632355860327,0.0151762360677422,"Lower in COVID-19"
"SIRPB1",2.74993567364351,0.0243331503720206,-1.03624252614223,0.0158144628138112,"Higher in COVID-19"
"IGF2_AS",5.4611361680915,2.38571958969489e-05,1.12348959598791,0.0166758224252779,"Higher in COVID-19"
"FCGR3B",4.60964610106554,6.33305993864706e-05,-1.00040168197263,0.0168692051869505,"Higher in COVID-19"
"ATOH7",-3.41530452800427,0.000113304397676747,-1.22334599978282,0.0206806366466938,"Lower in COVID-19"
"LILRA6",2.77542036675992,0.0253663153943768,-1.01102318387593,0.0207794784368606,"Higher in COVID-19"
"EMILIN3",-2.66485914056844,0.00211563261711653,-1.11349670194758,0.0257122190460612,"Lower in COVID-19"
"ZC4H2",4.42556864158328,0.00576682816116608,1.60374710547256,0.025897872915266,"Higher in COVID-19"
"LOC101927766",5.54087220819447,0.0318537108785544,-2.49204045224942,0.0304703495716507,"Higher in COVID-19"
"ILDR2",3.73711552316402,0.0110483656163395,-1.37127446229862,0.0341895306751502,"Higher in COVID-19"
"FGB",-3.88988217787529,0.0105154123337689,-1.75725860954627,0.0367300882526502,"Lower in COVID-19"
"BEST3",-2.70878522988758,0.00101687952447684,-1.01635969827601,0.0399446291789631,"Lower in COVID-19"
