"gene","covid_log2FC","covid_padj","covid_direction","virus_log2FC","virus_padj","virus_direction","shared_direction"
"LETM1",-2.85155504561806,2.31891628260835e-24,"Down",-4.77777246493763,1.49792334138079e-17,"Down","Shared Down"
"ATP2A2",-2.55768793243956,5.25111734256168e-21,"Down",-4.00958704047202,1.28194331938138e-07,"Down","Shared Down"
"FTH1P3",-4.2468658822398,5.43733028049951e-17,"Down",-5.43284872686797,1.57646499656578e-07,"Down","Shared Down"
"LRRC8D",-2.57245210978847,1.04525376709973e-15,"Down",-4.97459872286326,8.06168113062525e-11,"Down","Shared Down"
"AP3B1",-1.52786861816523,2.9151026992637e-15,"Down",-3.4332708363187,2.98251175996328e-10,"Down","Shared Down"
"DSC3",-4.29727424084858,9.94572852289604e-15,"Down",-6.48936448343789,1.24226692717867e-09,"Down","Shared Down"
"GOLPH3",-1.58955116872745,2.12499994826795e-14,"Down",-3.7836973502608,1.1473728630552e-08,"Down","Shared Down"
"IRAK1",-2.93611161758272,2.55480550245108e-14,"Down",-4.17991687713348,1.85049224281648e-06,"Down","Shared Down"
"SYNCRIP",-1.32424981029412,4.88309697515005e-14,"Down",-3.16775849620968,3.26273895471632e-06,"Down","Shared Down"
"CCHE1",-4.00892804599937,5.49948569438924e-14,"Down",-5.68743621770926,2.91476061086431e-10,"Down","Shared Down"
"FBXO31",-2.49444108087984,6.58543512975794e-14,"Down",-4.55638316590895,1.43631494174138e-09,"Down","Shared Down"
"MAP2K7",-2.53097656291114,9.46407357741677e-14,"Down",-4.4393857385102,2.46889189526899e-09,"Down","Shared Down"
"GLIS3",-2.57335453731619,2.4804824292603e-12,"Down",-2.53425593832628,0.0129567790565571,"Down","Shared Down"
"C8orf46",-3.28747686689591,2.71228813636638e-12,"Down",-4.67257118274173,3.48208627584270e-09,"Down","Shared Down"
"TTC30A",-2.76653643579232,3.28726186736037e-12,"Down",-3.9509818206599,0.000121213313984853,"Down","Shared Down"
"NACC2",-1.9769709529264,3.63988115485413e-12,"Down",-3.74509129458476,3.48280834496618e-05,"Down","Shared Down"
"ESR1",-3.68215103438473,4.34815785625455e-12,"Down",-4.52590547025295,0.000156957095320074,"Down","Shared Down"
"RNF125",-2.914927003537,5.38949361016336e-12,"Down",-3.93026207261981,3.60812742008283e-05,"Down","Shared Down"
"RNVU1_6",-4.24329738429149,8.06396618391898e-12,"Down",-6.48492790171693,6.91475155482928e-09,"Down","Shared Down"
"RRP9",-2.98649171733702,1.02979179064381e-11,"Down",-4.34088915072499,5.03229095809648e-07,"Down","Shared Down"
"ZNF628",-3.22568478836024,1.56814410313084e-11,"Down",-5.88940538941914,3.43075929362613e-14,"Down","Shared Down"
"TRUB2",-2.41941796974228,5.57642588553246e-11,"Down",-5.04535485745326,4.72254190428672e-06,"Down","Shared Down"
"SHF",-2.8870431426753,7.65646429550354e-11,"Down",-4.99194593978494,1.23658127859737e-07,"Down","Shared Down"
"STBD1",-2.87836958148398,1.2085956442327e-10,"Down",-4.50104573145909,8.56665668097466e-06,"Down","Shared Down"
"EYA2",-2.50752547040624,1.73941138374075e-10,"Down",-5.40986698486507,1.49792334138079e-17,"Down","Shared Down"
"BCL7C",-2.94109767378309,1.87941020074454e-10,"Down",-4.93956054687618,7.3547381268243e-09,"Down","Shared Down"
"YPEL1",-2.96705692680239,3.10305126819459e-10,"Down",-4.26447471262449,0.000779489339373704,"Down","Shared Down"
"DCAF4",-2.04905435699179,3.21755380488396e-10,"Down",-4.3134376178594,1.11811509043442e-08,"Down","Shared Down"
"LONP1",-1.50584823664933,3.31936140814379e-10,"Down",-4.00852976135325,2.32124612083732e-12,"Down","Shared Down"
"EMX2OS",-3.89690427722291,4.9841406727087e-10,"Down",-5.43961530075557,5.73818744100794e-08,"Down","Shared Down"
"RNF20",-1.44973112537301,5.02938316885021e-10,"Down",-3.36310979466305,7.06996068376575e-10,"Down","Shared Down"
"LINC00324",-5.23428731167513,6.45699549667697e-10,"Down",-8.90360644025056,9.62021603442459e-14,"Down","Shared Down"
"WBSCR16",-1.82702235442696,7.13662533669361e-10,"Down",-3.934973650732,6.17617461736958e-07,"Down","Shared Down"
"PCNXL4",-2.34102121436615,7.69326088543986e-10,"Down",-4.75157738805611,8.60496605052171e-09,"Down","Shared Down"
"FBL",-1.48117343388449,1.20396630935178e-09,"Down",-3.46527278699794,4.87033329213901e-07,"Down","Shared Down"
"COX7A2L",-1.94561687307746,1.23026266837672e-09,"Down",-4.17450442717142,3.61655336548569e-06,"Down","Shared Down"
"STK25",-1.85016722584964,1.35969104880228e-09,"Down",-3.8100616012984,2.92144689072083e-06,"Down","Shared Down"
"C9orf16",-1.96271300982165,1.36029946016731e-09,"Down",-3.90881168096489,8.80051910010648e-09,"Down","Shared Down"
"MYNN",-2.04016099650515,1.71563586236037e-09,"Down",-4.35640982812031,1.57646499656578e-07,"Down","Shared Down"
"DANT2",-3.77476798384867,4.39936739968651e-09,"Down",-7.51737097106134,3.39675492819493e-13,"Down","Shared Down"
"CAPN12",-2.90676794366136,5.57206513910582e-09,"Down",-4.41537407965843,1.51777909479303e-06,"Down","Shared Down"
"PAFAH2",-2.43792759408089,6.53188438131832e-09,"Down",-4.41266314411056,2.50962515759788e-07,"Down","Shared Down"
"GLTSCR2",-1.38620717274051,6.5642697921288e-09,"Down",-3.43333000768494,2.27701750099472e-08,"Down","Shared Down"
"HPS5",-1.63808022684573,8.79637323679608e-09,"Down",-4.15636262085314,2.9663899763116e-10,"Down","Shared Down"
"AXIN1",-1.42642730984602,9.4466005557017e-09,"Down",-3.17451226358313,1.44335720336084e-05,"Down","Shared Down"
"RAB11FIP4",-1.17093826477977,1.3963512671423e-08,"Down",-3.0430728586057,3.01184083514456e-05,"Down","Shared Down"
"CNKSR1",-1.61808685484134,1.91133330026956e-08,"Down",-3.72877550214043,1.2205890285848e-06,"Down","Shared Down"
"LINC01011",-3.45164082900286,1.92874489677394e-08,"Down",-5.9113259120251,9.63416200614286e-12,"Down","Shared Down"
"CLTCL1",-2.47706790520945,2.00496195461568e-08,"Down",-3.88082294910705,6.38244476232394e-05,"Down","Shared Down"
"OSBPL1A",-1.4380312075747,2.00496195461568e-08,"Down",-3.82527104469011,3.47865695937882e-08,"Down","Shared Down"
"OGFOD2",-2.23637730080664,2.05500572229534e-08,"Down",-3.49293170236565,0.00121730261223705,"Down","Shared Down"
"PTK6",-2.98506912604061,2.27037798285043e-08,"Down",-4.84334788999912,2.17830404091105e-07,"Down","Shared Down"
"PRRT1",-3.19007137913101,2.40056698847427e-08,"Down",-5.85310340582652,5.73818744100794e-08,"Down","Shared Down"
"C10orf2",-2.23270520711319,2.90908932818558e-08,"Down",-3.73438555617519,2.75463555514354e-05,"Down","Shared Down"
"MOV10L1",-4.1818011085952,2.90908932818558e-08,"Down",-4.77611526199264,3.52267345061431e-05,"Down","Shared Down"
"SIAE",-2.10172045911623,3.00786128357471e-08,"Down",-4.00924766653542,2.95826650655015e-05,"Down","Shared Down"
"SLC25A20",-2.18945022526385,4.77389005908181e-08,"Down",-4.75935441269599,2.01764726975206e-08,"Down","Shared Down"
"BSPRY",-1.53289562984486,5.16878212093336e-08,"Down",-3.82599333853336,7.24384754051308e-08,"Down","Shared Down"
"SLC3A1",-4.07299711052511,6.18177539718126e-08,"Down",-6.15787092023021,2.29271229366132e-05,"Down","Shared Down"
"RPL23AP53",-2.09890265405704,6.3102406132873e-08,"Down",-4.4358983569787,1.74513020807847e-05,"Down","Shared Down"
"TMEM165",-1.46622362239782,6.79842013233069e-08,"Down",-3.6188957532167,5.73815366791436e-10,"Down","Shared Down"
"KCTD1",-1.56894782173743,8.05625935720745e-08,"Down",-3.90951849809967,1.11811509043442e-08,"Down","Shared Down"
"PXMP4",-2.11955123893736,8.31613820275413e-08,"Down",-3.54892042418587,6.7822134318681e-05,"Down","Shared Down"
"HADHA",-1.73284324604007,8.53662577590102e-08,"Down",-3.8148899863518,3.47453995928514e-07,"Down","Shared Down"
"BCL7B",-1.42460024085716,1.01453215205767e-07,"Down",-3.67314842798048,1.35609160773771e-07,"Down","Shared Down"
"VARS2",-1.32888663235086,1.50127275693294e-07,"Down",-3.1802522121011,1.71238134160527e-05,"Down","Shared Down"
"MCHR1",-3.50925306764266,1.51224442146355e-07,"Down",-4.94901555878385,2.42144195190796e-05,"Down","Shared Down"
"FAM168B",-1.31089663983762,1.91020802213122e-07,"Down",-3.56145351413743,2.63674242613386e-05,"Down","Shared Down"
"KBTBD6",-2.86479613894265,1.91020802213122e-07,"Down",-4.90965267881681,2.08199964657905e-05,"Down","Shared Down"
"SMPD4",-1.80533650595043,1.97678318358303e-07,"Down",-2.63715998710085,0.00624587785731651,"Down","Shared Down"
"ACSM1",-2.80050187917357,2.31118042893218e-07,"Down",-4.5837312357649,0.000197460868615924,"Down","Shared Down"
"EEF2",-1.03406270801991,2.35527735030792e-07,"Down",-3.40336232974237,5.89441231274097e-12,"Down","Shared Down"
"PCDHGB2",-2.82780718114685,3.42550359219285e-07,"Down",-4.38248955742821,7.93237640601568e-05,"Down","Shared Down"
"ZNF428",-1.46777342879683,3.83551841746361e-07,"Down",-4.03697947004015,1.84306389894172e-07,"Down","Shared Down"
"PRKG1",-3.51341806083708,4.52395045567191e-07,"Down",-4.81594288604687,5.92657829781421e-08,"Down","Shared Down"
"GPI",-1.01930254827278,4.56605142408032e-07,"Down",-3.53655838313802,9.89803765598072e-08,"Down","Shared Down"
"LMNB2",-1.18154234002537,4.56605142408032e-07,"Down",-3.19143269068483,4.32873846024177e-08,"Down","Shared Down"
"LARP6",-2.07028752747371,4.73435714695099e-07,"Down",-3.53885195593438,0.00010373096952465,"Down","Shared Down"
"DNAH2",-1.55325471053128,4.75473740190521e-07,"Down",-2.61808569244776,0.00160564157046265,"Down","Shared Down"
"CCNB1IP1",-2.18383010880612,4.76664683791495e-07,"Down",-4.36238977671513,6.41831115834494e-08,"Down","Shared Down"
"HNRNPAB",-1.00011497138719,4.83381808446469e-07,"Down",-3.03268955364236,1.24320287667854e-07,"Down","Shared Down"
"SLC30A5",-1.54358441673612,5.23438308586588e-07,"Down",-3.6280751531582,9.72732650488772e-06,"Down","Shared Down"
"PKP3",-1.40435291424213,6.71432137630405e-07,"Down",-3.22960273345066,5.08290025639947e-06,"Down","Shared Down"
"SFN",-1.99100921714869,7.61791529059519e-07,"Down",-3.32095133632148,5.48428781182716e-07,"Down","Shared Down"
"CUL9",-1.01212502568072,7.9560671020356e-07,"Down",-3.16156876533574,7.14557938594632e-07,"Down","Shared Down"
"NAGLU",-2.3265991939431,9.35815495124458e-07,"Down",-4.16229941698615,9.83312549040985e-06,"Down","Shared Down"
"RN7SL2",-1.8324075768284,1.0746742315416e-06,"Down",-4.36940746908269,9.46646085617873e-19,"Down","Shared Down"
"SNORD53",-2.73491287341727,1.0746742315416e-06,"Down",-5.46728582579901,2.17830404091105e-07,"Down","Shared Down"
"C17orf50",-3.24813563540705,1.08473725735157e-06,"Down",-4.76342237781546,4.92549059167197e-05,"Down","Shared Down"
"CST3",-1.13655053732595,1.12132348290918e-06,"Down",-3.53569459241454,1.24320287667854e-07,"Down","Shared Down"
"ONECUT1",-3.13373948505722,1.21617864918776e-06,"Down",-6.42118551418989,4.30282594814935e-11,"Down","Shared Down"
"DEGS1",-2.31892295159679,1.32831859392111e-06,"Down",-4.62214443100322,3.27393093779151e-09,"Down","Shared Down"
"E2F6",-2.32395597449892,1.35037596845408e-06,"Down",-4.7911172287906,1.17439284673252e-07,"Down","Shared Down"
"ATP6V0A1",-1.71668488044888,1.40790517866192e-06,"Down",-3.87532174726953,1.39094325705195e-06,"Down","Shared Down"
"CCDC50",-1.40162010363791,1.50605487020704e-06,"Down",-3.22456854973343,3.92376013637592e-07,"Down","Shared Down"
"PYGB",-1.19182773132352,1.51750307749301e-06,"Down",-2.7262034233714,0.000655810288104304,"Down","Shared Down"
"ZKSCAN8",-1.44585904752149,1.5345720363149e-06,"Down",-4.24797879788214,1.86598498973956e-05,"Down","Shared Down"
"RSPRY1",-1.77809898570275,1.64562082896511e-06,"Down",-2.25077283128536,0.0104535179929524,"Down","Shared Down"
"ADAMTS8",-2.59774704509319,1.74480426484849e-06,"Down",-4.22708200834603,0.000526865508755663,"Down","Shared Down"
"SCARNA20",-2.63339270713975,1.74710601527856e-06,"Down",-5.57604699524249,2.53779297776708e-09,"Down","Shared Down"
"LMNA",-1.04655231288455,1.76144894572128e-06,"Down",-2.73881618825877,2.01105700548252e-06,"Down","Shared Down"
"SCUBE3",-2.03470610932488,1.9306330075702e-06,"Down",-4.61738548159986,2.43782800326758e-06,"Down","Shared Down"
"ROMO1",-1.36869181670261,1.9978289856382e-06,"Down",-4.12781559116279,1.14664256594028e-08,"Down","Shared Down"
"TOR4A",-1.90612451734011,1.9978289856382e-06,"Down",-3.88721179160033,1.75212602857966e-07,"Down","Shared Down"
"EMX1",-3.92214956452836,2.1128716380103e-06,"Down",-5.63516295531746,4.77751039219055e-06,"Down","Shared Down"
"TOMM22",-1.20712871219673,2.11779397071684e-06,"Down",-3.28924387612125,5.48532469739566e-07,"Down","Shared Down"
"ETFB",-1.19387727215433,2.36807708470444e-06,"Down",-3.43677784219872,2.54929005253735e-05,"Down","Shared Down"
"RNVU1_19",-2.93447316908908,2.40251356038913e-06,"Down",-5.25299082179314,5.27965211445155e-07,"Down","Shared Down"
"LINC00273",-3.05268414171529,2.50266074295921e-06,"Down",-5.22080662463944,3.56345856099791e-07,"Down","Shared Down"
"PACS2",-1.89644684574768,2.75112404874313e-06,"Down",-3.07344475413603,0.000124910662974508,"Down","Shared Down"
"AMH",-2.68673496407932,2.79620909964577e-06,"Down",-5.15899574471384,4.16315312925664e-06,"Down","Shared Down"
"PRSS36",-2.68262652616736,2.92387344486765e-06,"Down",-3.3637946189541,0.0017210576002942,"Down","Shared Down"
"CMTM3",-2.25861240352316,3.37374430589724e-06,"Down",-4.54171765916018,4.36052017987667e-06,"Down","Shared Down"
"SLC2A4RG",-1.28087388552494,3.8824364358022e-06,"Down",-3.09059118427068,0.000124214580303987,"Down","Shared Down"
"RPS9",-1.1470981999889,3.96183413422027e-06,"Down",-2.98136400846026,9.61589971116619e-06,"Down","Shared Down"
"PRSS21",-3.81179150633239,4.40072511210005e-06,"Down",-4.41297030631688,0.00997436126261586,"Down","Shared Down"
"ZNF830",-1.56163097575557,4.56412492773878e-06,"Down",-2.69556570144036,0.000994914154776097,"Down","Shared Down"
"SLC38A1",-1.52086011305119,4.57600598488264e-06,"Down",-3.70446588989646,1.27221337338285e-06,"Down","Shared Down"
"GGA1",-1.36101077585276,4.59152131980538e-06,"Down",-3.12512688869029,2.96354495867047e-05,"Down","Shared Down"
"TADA1",-1.98578259019344,4.62213646269793e-06,"Down",-4.16839008646269,2.50225739505419e-05,"Down","Shared Down"
"TRPM4",-1.35621746164567,4.71334540236069e-06,"Down",-3.16819138238163,1.98453669460191e-06,"Down","Shared Down"
"KLF13",-1.60594664195507,4.86210904948762e-06,"Down",-3.54922735814159,1.74847057149609e-06,"Down","Shared Down"
"KALRN",-1.50872726390354,4.88339143626726e-06,"Down",-3.3288379979448,1.27201722191414e-05,"Down","Shared Down"
"CASKIN1",-3.17768241176241,4.99527597624145e-06,"Down",-4.41435723373611,4.86887582374196e-05,"Down","Shared Down"
"KCNB2",-2.77463891324672,5.25466467947597e-06,"Down",-3.85726816764471,0.000108942873783627,"Down","Shared Down"
"C1QBP",-1.35899854481029,5.87176185124234e-06,"Down",-3.95626535210068,1.21892204892698e-05,"Down","Shared Down"
"KLHL29",-1.99498943510477,6.01805144464403e-06,"Down",-3.65544711607869,5.41330071054475e-06,"Down","Shared Down"
"RPTOR",-1.36524368963029,6.02707243078794e-06,"Down",-3.2737523705532,0.000136480525445262,"Down","Shared Down"
"CD82",-1.32007449774789,6.08521344566317e-06,"Down",-3.39954811062625,9.15684672827535e-07,"Down","Shared Down"
"SNORA10",-1.76995163725,6.35570310416578e-06,"Down",-4.65564963604393,1.16734869804206e-08,"Down","Shared Down"
"SUPT3H",-1.92080172614751,6.6928483347644e-06,"Down",-4.19868249489113,1.3862701395209e-07,"Down","Shared Down"
"CACNA1A",-2.1330564311774,6.74965868006487e-06,"Down",-3.45639329559022,1.83760036376503e-05,"Down","Shared Down"
"SIX2",-1.46363435239353,7.09719203590191e-06,"Down",-3.72244335048818,8.73730142509294e-06,"Down","Shared Down"
"MFGE8",-2.60542917338327,7.53830355481742e-06,"Down",-4.47617602106888,4.63056060437218e-07,"Down","Shared Down"
"TPT1",-1.23658710709692,8.77220790051502e-06,"Down",-2.06974962251377,0.00575040243065084,"Down","Shared Down"
"C21orf2",-1.2801195629468,9.04954827436683e-06,"Down",-3.37701953249476,3.40293513133396e-06,"Down","Shared Down"
"SDSL",-2.43781594968387,9.14260997448016e-06,"Down",-4.07726849650189,9.22647069373552e-06,"Down","Shared Down"
"REXO4",-1.42342110359558,9.49437058728693e-06,"Down",-3.45845300765113,2.2715784969312e-07,"Down","Shared Down"
"LOC401010",-3.39155056004915,9.82037910686464e-06,"Down",-4.65675219450426,0.000104370359168596,"Down","Shared Down"
"VAX1",-3.5430816004452,9.93360190048895e-06,"Down",-4.91522826668969,0.00251663343690893,"Down","Shared Down"
"CTNNBIP1",-1.36255319286061,9.98248800157325e-06,"Down",-3.43314309981959,6.57498404550246e-05,"Down","Shared Down"
"COL25A1",-3.42123840029795,1.24531959312482e-05,"Down",-6.31286389812776,6.20546684683191e-07,"Down","Shared Down"
"GABPB1_AS1",-1.52596062123845,1.30588928765797e-05,"Down",-3.84303108606451,1.2414694963529e-06,"Down","Shared Down"
"MYOM1",-2.48110068628684,1.37543080216882e-05,"Down",-3.71592250906293,0.000401657574568723,"Down","Shared Down"
"OTUB2",-2.24482633484169,1.43230137223803e-05,"Down",-4.43860699146009,1.98222397362057e-05,"Down","Shared Down"
"COX7A1",-1.82167289618878,1.43364352264175e-05,"Down",-4.01051528711328,2.32087030706405e-05,"Down","Shared Down"
"S100A2",-2.50874387865705,1.48667933674519e-05,"Down",-3.66943243977402,2.47236355037312e-05,"Down","Shared Down"
"ADORA1",-3.02640246309812,1.51424243743443e-05,"Down",-4.27235986819207,6.20043771058179e-05,"Down","Shared Down"
"SLC22A7",-2.30098308879166,1.55330991792062e-05,"Down",-4.77907538787569,5.13238992209275e-08,"Down","Shared Down"
"MAP1LC3B",-2.02943014444866,1.59662572672239e-05,"Down",-4.02201497354458,1.87282167698224e-08,"Down","Shared Down"
"COX6B2",-2.34672725425488,1.72618354084092e-05,"Down",-3.56981398323115,8.34017843128601e-05,"Down","Shared Down"
"GHRL",-2.19933410896344,1.78514267615232e-05,"Down",-4.1856324165428,5.82347208949853e-06,"Down","Shared Down"
"LPAR1",-1.83744108885875,1.78514267615232e-05,"Down",-3.85623453417838,4.80284702832743e-07,"Down","Shared Down"
"COMTD1",-2.64082915569952,1.81644964781914e-05,"Down",-3.49088239564529,0.000800428231689197,"Down","Shared Down"
"GSTP1",-1.0465384043984,1.92261451799105e-05,"Down",-3.84573969701492,2.30802995847799e-10,"Down","Shared Down"
"ZNF710",-1.09145757161717,2.00966023009963e-05,"Down",-2.95224641178385,9.60418849674894e-07,"Down","Shared Down"
"SLFNL1",-2.7241888238946,2.05998893980565e-05,"Down",-5.44403554302355,4.00166527982858e-09,"Down","Shared Down"
"NR2F6",-1.07117771600612,2.10285651897297e-05,"Down",-3.41503389094805,3.7955992049511e-07,"Down","Shared Down"
"SNX21",-1.68341278913819,2.10285651897297e-05,"Down",-3.97977840485557,2.80479043726652e-07,"Down","Shared Down"
"FEZF1_AS1",-1.71614500441251,2.29848827033592e-05,"Down",-3.19601058015661,0.000539338979834265,"Down","Shared Down"
"PPP1R37",-1.19703843881271,2.3307639309244e-05,"Down",-3.15379103950513,9.00520182807856e-07,"Down","Shared Down"
"RHOV",-1.45088007466327,2.3307639309244e-05,"Down",-3.21586365127723,1.53885509085142e-06,"Down","Shared Down"
"ISOC1",-1.52989735635957,2.38006449838151e-05,"Down",-4.16400288976067,8.24435348386394e-06,"Down","Shared Down"
"ARHGAP19",-1.88696166070732,2.63145196116087e-05,"Down",-4.27455538507931,1.03421734057913e-07,"Down","Shared Down"
"ACAD10",-1.42781922806534,2.96629255249203e-05,"Down",-2.34320001260693,0.0180460429576697,"Down","Shared Down"
"PITPNM2",-2.35880619583574,3.19597039736003e-05,"Down",-3.66512415966694,0.000140184091830249,"Down","Shared Down"
"SEC22A",-2.01825797280449,3.22965029615532e-05,"Down",-3.80048635183473,0.00107637383080545,"Down","Shared Down"
"TNFRSF19",-2.14064576964566,3.25769646606038e-05,"Down",-4.12874307651464,1.42735221117636e-06,"Down","Shared Down"
"C19orf70",-1.77092317351063,3.28509682116036e-05,"Down",-4.22428107558421,6.24669818414896e-08,"Down","Shared Down"
"DPP9_AS1",-2.19502775583019,3.40338187048776e-05,"Down",-4.03843772861732,7.44219284047913e-05,"Down","Shared Down"
"NUDT3",-1.409250769638,3.41139248157537e-05,"Down",-3.54712913959092,1.05129896086002e-06,"Down","Shared Down"
"CENPN",-1.91115133882841,3.48150685098664e-05,"Down",-3.50524018795313,0.000670835674813961,"Down","Shared Down"
"SCARF2",-1.75156431030754,3.51385115718022e-05,"Down",-4.21349984506431,1.22172087225676e-06,"Down","Shared Down"
"AP1AR",-1.25777849262129,3.66505100588951e-05,"Down",-3.30602886241178,0.000242366901850653,"Down","Shared Down"
"EGFL7",-2.93421444545393,3.68307877898456e-05,"Down",-4.41275470274416,0.000205301523896411,"Down","Shared Down"
"SNHG19",-2.99180684869684,3.68307877898456e-05,"Down",-5.07996817932863,2.51863220649873e-07,"Down","Shared Down"
"ALDOC",-2.48939432198367,3.79452605456994e-05,"Down",-4.32762088167734,0.000370151565199368,"Down","Shared Down"
"CYC1",-1.09527970383111,3.80919426408784e-05,"Down",-3.62051487554756,1.93948114140241e-06,"Down","Shared Down"
"VGF",-2.76860010259403,3.81444061311375e-05,"Down",-4.48880723089323,2.02925847550234e-06,"Down","Shared Down"
"ZNRF1",-1.61702799214531,3.89731997781397e-05,"Down",-3.04331671397168,0.00099213879907733,"Down","Shared Down"
"POLR2L",-1.22398496431163,4.02582743343309e-05,"Down",-3.70294868152519,1.01548487434812e-06,"Down","Shared Down"
"OTUD1",-1.3648091230789,4.09306054880945e-05,"Down",-3.36782011534037,1.54003124404507e-06,"Down","Shared Down"
"CABLES1",-2.18215174478378,4.10150671198219e-05,"Down",-4.23548566076047,0.000123277459857609,"Down","Shared Down"
"PSMB4",-1.22638265146811,4.41694962994647e-05,"Down",-3.56394444792058,0.000188324805359493,"Down","Shared Down"
"CCR2",-2.56221600866922,4.71864713786901e-05,"Down",-3.64105206718285,0.000156091988885826,"Down","Shared Down"
"MYPOP",-1.67458155288004,4.76599977330765e-05,"Down",-3.72287633355343,6.14962039936521e-06,"Down","Shared Down"
"FAM53B",-1.81336193482359,4.81734837091733e-05,"Down",-3.81995826840863,3.04957143266789e-06,"Down","Shared Down"
"SKI",-1.21264034571646,4.81734837091733e-05,"Down",-2.49427808194967,0.000755804641543366,"Down","Shared Down"
"BHLHE22",-2.70093794651943,4.83366751042717e-05,"Down",-5.0208543260371,5.72456722393867e-06,"Down","Shared Down"
"STAP2",-1.06880371594782,5.03446099419359e-05,"Down",-3.42577674769935,8.10972217571286e-07,"Down","Shared Down"
"C1orf106",-1.11720945600578,5.03538094368374e-05,"Down",-3.19229009841902,5.19552899465911e-06,"Down","Shared Down"
"LRRC59",-1.09645153490601,5.09699284219117e-05,"Down",-3.22963677187308,2.9663899763116e-10,"Down","Shared Down"
"SPI1",-2.78191440217247,5.50236847728862e-05,"Down",-4.79514401647554,1.46143105485058e-08,"Down","Shared Down"
"ELAVL4",-2.81561722903886,5.72145768852933e-05,"Down",-3.80626158074231,0.00114436154298386,"Down","Shared Down"
"ALKBH1",-2.05217407178181,5.74261228447614e-05,"Down",-4.09806235882286,5.21000460468042e-05,"Down","Shared Down"
"R3HCC1",-1.16813869161366,6.30359458504512e-05,"Down",-2.91184187671608,2.46018114653216e-05,"Down","Shared Down"
"ETV5",-1.94506359824062,6.48051843186284e-05,"Down",-4.0733060894037,1.54872137158013e-05,"Down","Shared Down"
"SH3PXD2B",-1.00317160285761,6.49035657417368e-05,"Down",-2.74564789174423,7.18239106082472e-05,"Down","Shared Down"
"ESAM",-2.84054669746348,6.52745121144822e-05,"Down",-5.43603504849473,2.40893301830209e-06,"Down","Shared Down"
"RXFP3",-2.56112335979872,6.89404860408858e-05,"Down",-5.51879015056644,4.03892405057178e-08,"Down","Shared Down"
"VPS51",-1.27456529006873,6.90224372115196e-05,"Down",-3.1965596353027,0.000460303802650091,"Down","Shared Down"
"CYP2W1",-2.20781840978673,7.42552582621899e-05,"Down",-4.56619584888309,4.37602509704266e-07,"Down","Shared Down"
"NMU",-2.87072446696353,7.58811491129756e-05,"Down",-5.79025464110971,5.09639113634504e-07,"Down","Shared Down"
"CHPF",-1.4423824889867,8.00551330255665e-05,"Down",-3.44330049577063,0.000801921796101415,"Down","Shared Down"
"AR",-2.18557931840201,8.13564103795289e-05,"Down",-3.49222166339607,0.000668721056061206,"Down","Shared Down"
"TSPAN12",-2.09894084484433,8.15595569527305e-05,"Down",-5.126785733962,4.11172458201782e-05,"Down","Shared Down"
"LINC01039",-2.77603421838904,8.17521754222176e-05,"Down",-4.20718564743622,0.000105776888077922,"Down","Shared Down"
"LAMTOR4",-1.24457078647968,8.70227061267763e-05,"Down",-3.36168075426641,2.55201529035569e-06,"Down","Shared Down"
"NDUFB7",-1.16117766994911,8.87239897116271e-05,"Down",-3.80892196138044,2.9663899763116e-10,"Down","Shared Down"
"FBXO2",-1.53868637937091,9.17574993944756e-05,"Down",-3.14148636187016,2.18367604783578e-05,"Down","Shared Down"
"SEMA6C",-2.34547603338982,9.31772539762977e-05,"Down",-4.03248994980104,0.000338141031645556,"Down","Shared Down"
"UBL4A",-2.25824660604448,9.36734968493662e-05,"Down",-4.43133748038097,2.34120746359424e-06,"Down","Shared Down"
"MAFG",-1.50617583330419,9.50019245332422e-05,"Down",-3.06591282644923,4.40399854956719e-05,"Down","Shared Down"
"COLGALT1",-1.24982343357464,9.84179687994353e-05,"Down",-2.68554266919324,1.44441783658163e-05,"Down","Shared Down"
"GPRC5C",-1.33903500000938,0.000100491406836575,"Down",-3.4870601787538,1.99661147340031e-05,"Down","Shared Down"
"ARHGAP23",-1.07825192655803,0.000101628492470373,"Down",-3.04860771025127,1.71858335654257e-05,"Down","Shared Down"
"LINC00116",-1.74822164236849,0.000107829213345173,"Down",-3.93243629879677,0.000231968831367258,"Down","Shared Down"
"ATOH7",-3.41530452800427,0.000113304397676747,"Down",-4.00165642296962,0.0218463311027438,"Down","Shared Down"
"DFNB31",-1.67323970770194,0.000114086182811855,"Down",-1.51453086530574,0.0471939768270115,"Down","Shared Down"
"RRAD",-2.33306609395372,0.000116072551203564,"Down",-3.37703241653864,7.89353668471765e-05,"Down","Shared Down"
"UNC5B",-1.57591898907628,0.000116840874537967,"Down",-3.47839656200239,1.10952055177049e-06,"Down","Shared Down"
"JMJD8",-1.50431829923174,0.000127182835152517,"Down",-2.67547905459378,0.00356613722428269,"Down","Shared Down"
"DLGAP3",-2.52651128931708,0.000127881812795268,"Down",-3.92537471059825,0.000287006254227918,"Down","Shared Down"
"C12orf10",-1.63595908007041,0.000129200501772645,"Down",-4.22818213936555,1.37753407713126e-07,"Down","Shared Down"
"MRTO4",-2.08190703844469,0.000129346738202235,"Down",-5.05649193883568,2.03999789244315e-07,"Down","Shared Down"
"MAP3K10",-1.52453186150506,0.000131216468517965,"Down",-2.64695744734209,0.00216011791446818,"Down","Shared Down"
"BMP1",-1.83503750146139,0.000132655438170445,"Down",-3.38541801367327,0.000675848868277994,"Down","Shared Down"
"CACFD1",-1.44997185692685,0.000144785688662252,"Down",-3.77401636794738,3.6192723600765e-06,"Down","Shared Down"
"ADRB1",-1.48109403314956,0.000150071720648895,"Down",-3.40292234206882,0.000110328728163395,"Down","Shared Down"
"COL18A1",-2.20681222154725,0.000151823419840602,"Down",-3.46025332364426,2.19732963762717e-05,"Down","Shared Down"
"OXTR",-2.05821436250979,0.000153974825520547,"Down",-4.43275283233358,1.37266941522323e-06,"Down","Shared Down"
"EIF6",-1.87680667845727,0.000162262659310469,"Down",-3.80691784845174,1.56992601964503e-06,"Down","Shared Down"
"PRMT6",-1.16115346277556,0.000165305217485351,"Down",-3.24914849811093,0.000158937097730664,"Down","Shared Down"
"SF3B5",-1.22015835131325,0.000165455783069851,"Down",-4.11552114508625,5.11350719936301e-07,"Down","Shared Down"
"SHANK3",-1.36278428312863,0.000166120313678537,"Down",-2.90054406463834,0.000283383171859392,"Down","Shared Down"
"FFAR4",-3.10626467531006,0.000168235121267722,"Down",-4.69177992189282,0.00046890031913017,"Down","Shared Down"
"GPR101",-2.50888635008983,0.000171458983400236,"Down",-4.8061345635092,1.97570902182332e-06,"Down","Shared Down"
"MRPL4",-1.20313242733168,0.0001777520853412,"Down",-3.48882412766559,1.86858826888486e-05,"Down","Shared Down"
"PYGO2",-1.17059288260348,0.000179835144620223,"Down",-3.22609052394773,0.000154121076364748,"Down","Shared Down"
"KRT5",-2.09017902668393,0.000183101548572845,"Down",-3.95110108335274,5.24056358972563e-06,"Down","Shared Down"
"TP53I13",-1.37191356569898,0.000183101548572845,"Down",-3.24976367879902,5.41330071054475e-06,"Down","Shared Down"
"NT5C3B",-1.64676954453758,0.000183903177702994,"Down",-3.62194013707361,0.000251902723333721,"Down","Shared Down"
"RNVU1_1",-2.64275101909881,0.000190705844451766,"Down",-5.99233743559298,1.82604279773886e-12,"Down","Shared Down"
"LAMTOR5",-1.19784195092861,0.000192721113634171,"Down",-3.66143539807395,1.08895657878986e-07,"Down","Shared Down"
"RNF7",-1.07639778057531,0.000193261625459377,"Down",-3.475771555019,7.0971099341526e-07,"Down","Shared Down"
"LINC01586",-2.93329215557927,0.000209631125736313,"Down",-4.77354805107664,0.000157858486576803,"Down","Shared Down"
"PAX8",-2.28837528345136,0.000210944508832668,"Down",-4.90193499574034,1.85515046745367e-06,"Down","Shared Down"
"MAPK12",-2.39136677521459,0.000211769168137551,"Down",-4.91197741996133,1.44441783658163e-05,"Down","Shared Down"
"AMN",-1.86256780508667,0.000215294984397262,"Down",-3.29047858131758,0.00224915517457971,"Down","Shared Down"
"FAM83E",-1.04341300755345,0.00021783249210244,"Down",-3.13341182355087,3.0843798667715e-06,"Down","Shared Down"
"LRRC75A",-2.17027916067176,0.00021918199668268,"Down",-3.84211186121571,0.000463587974592044,"Down","Shared Down"
"MIR4516",-2.75855335552061,0.000220772876395647,"Down",-4.97849912467299,9.65263643500328e-05,"Down","Shared Down"
"PWWP2B",-1.36106185725169,0.000224970020430841,"Down",-3.18828170721129,6.41084273913172e-05,"Down","Shared Down"
"PACSIN3",-1.12177506132853,0.00022631674527088,"Down",-3.05450331927527,5.16970323539396e-05,"Down","Shared Down"
"TMEM8A",-1.41149652351487,0.000231881834616287,"Down",-3.40598212250197,2.12035937144035e-08,"Down","Shared Down"
"EML3",-1.42220916618291,0.000252915138504685,"Down",-3.43119791875369,1.1810813554526e-07,"Down","Shared Down"
"LIME1",-1.34368732058622,0.000253005758456945,"Down",-3.28832549408073,5.90483678956061e-06,"Down","Shared Down"
"RNH1",-1.0917350405246,0.000253215734696279,"Down",-3.47765026077747,1.46143105485058e-08,"Down","Shared Down"
"DUS1L",-1.01010531228896,0.00025695336602994,"Down",-3.17491445867339,8.90706316536166e-07,"Down","Shared Down"
"TRIP6",-1.10595570370971,0.000258985610088767,"Down",-3.48280615067534,2.5420819933573e-07,"Down","Shared Down"
"ZNF408",-1.43568362151232,0.00026040573733365,"Down",-3.48940251880599,1.21724991132809e-05,"Down","Shared Down"
"SLC52A2",-1.30264364928521,0.000267891663619429,"Down",-3.12734426585567,8.05898436404442e-05,"Down","Shared Down"
"CMAS",-1.06490756213015,0.000275720308121023,"Down",-3.40086467225929,1.39870076153632e-05,"Down","Shared Down"
"MTG1",-1.08302489871408,0.000295677078338517,"Down",-3.1452279217023,3.35825817133833e-06,"Down","Shared Down"
"CDHR5",-1.64226159875321,0.000296571428124901,"Down",-3.13579778643098,0.000783167238669479,"Down","Shared Down"
"SMG9",-1.06677078823549,0.000314875921553394,"Down",-3.29445796766027,6.86299984485774e-07,"Down","Shared Down"
"RFNG",-1.35333198038345,0.000320571791585321,"Down",-3.24770614735297,9.51937108374119e-05,"Down","Shared Down"
"TRAPPC6A",-1.58323867194971,0.000343327634321527,"Down",-3.98775603296827,2.33233268536349e-05,"Down","Shared Down"
"FAM195B",-1.27554853507724,0.000352999458598334,"Down",-3.36146767470132,1.73418382425671e-06,"Down","Shared Down"
"SGMS1",-1.68906635519036,0.000352999458598334,"Down",-3.22326459507058,0.000340204765782965,"Down","Shared Down"
"MEX3C",-1.15449940155761,0.000355993635498732,"Down",-2.4330538843939,0.00025360984483765,"Down","Shared Down"
"SFTPB",-2.70345390774237,0.000362858960870995,"Down",-5.73386461917561,1.45652248396815e-06,"Down","Shared Down"
"BLOC1S4",-1.34835436659081,0.000370441046808181,"Down",-3.17706923585864,6.48787800745021e-05,"Down","Shared Down"
"D2HGDH",-1.40639148927562,0.000381007850579478,"Down",-3.5264622666218,2.29271229366132e-05,"Down","Shared Down"
"FIBCD1",-2.80704412541031,0.000381007850579478,"Down",-4.73271121502081,5.35844980825221e-05,"Down","Shared Down"
"TNFRSF11A",-1.36734294181296,0.000393181586496053,"Down",-3.17673185411607,0.000567029761262018,"Down","Shared Down"
"TDH",-3.24461390049736,0.000399879537834328,"Down",-5.67437990078365,6.03728537499909e-06,"Down","Shared Down"
"MAP10",-1.81270295241218,0.000406677190053767,"Down",-3.56069664362098,0.000184178981011886,"Down","Shared Down"
"SCAND1",-1.15689444296291,0.000427615101108876,"Down",-3.89869274594976,5.80376595584123e-07,"Down","Shared Down"
"EXOSC6",-1.23395724154126,0.00044646208877281,"Down",-3.25350705734945,0.000360297104917999,"Down","Shared Down"
"SLC34A2",-1.81766227415929,0.000453257970549581,"Down",-4.28563735301513,2.51863220649873e-07,"Down","Shared Down"
"TXNDC11",-1.19236552238965,0.000461224517547064,"Down",-3.29952980915347,9.60418849674894e-07,"Down","Shared Down"
"CCDC64B",-1.05869769255063,0.000512221108285273,"Down",-2.54505426338005,9.45328550348945e-05,"Down","Shared Down"
"CNNM2",-2.07177379867236,0.000512929945442397,"Down",-4.6441698332065,2.84960168005441e-10,"Down","Shared Down"
"MAMSTR",-1.86505322287857,0.000524315699902746,"Down",-3.85002713483011,9.83699750883826e-07,"Down","Shared Down"
"TBC1D17",-1.2585164801303,0.000526443061796118,"Down",-2.45967211996764,0.000963021592551146,"Down","Shared Down"
"APC2",-2.38207723914465,0.00055916772890595,"Down",-4.3305685692223,4.63056060437218e-07,"Down","Shared Down"
"JRK",-1.12821132413636,0.000589491714797589,"Down",-2.98538444190623,1.74847057149609e-06,"Down","Shared Down"
"SLC35F3",-2.50245632125636,0.000609887062024716,"Down",-3.69391038180949,0.00426583098323109,"Down","Shared Down"
"AGPAT2",-1.15869808498436,0.000627448802432167,"Down",-3.00761269885976,5.68641330234237e-05,"Down","Shared Down"
"CEACAM21",-2.12972811793152,0.000691333629091697,"Down",-3.90774069741331,0.000151584959301836,"Down","Shared Down"
"ADAMTSL3",-1.71107886079151,0.000697244767782614,"Down",-3.67115321783817,2.35387284137035e-05,"Down","Shared Down"
"CRAT",-1.81525975146035,0.000700961263814203,"Down",-3.7016206252598,5.61846284508366e-05,"Down","Shared Down"
"DFNA5",-2.2480986155032,0.000701371566272265,"Down",-3.65564535552441,0.000754368132841627,"Down","Shared Down"
"POMGNT2",-1.60140284684194,0.00070153972919825,"Down",-2.83605495159086,0.021487969741865,"Down","Shared Down"
"IPPK",-1.38774315657291,0.000738005763285742,"Down",-2.95351641784123,0.00145006373843068,"Down","Shared Down"
"RAI1",-1.01845897546653,0.000738005763285742,"Down",-2.9901341377388,1.51354041638053e-06,"Down","Shared Down"
"NTN4",-1.23066213370387,0.000783741541778151,"Down",-2.61450956270168,0.000464562168168086,"Down","Shared Down"
"FAM207A",-1.33982953983093,0.000853861317777882,"Down",-3.29698629238798,1.24869131295612e-05,"Down","Shared Down"
"COMMD7",-1.04131359272896,0.000856442796188291,"Down",-3.05953223383721,0.000279046454990313,"Down","Shared Down"
"SHISA7",-3.22467210501153,0.000898404505553853,"Down",-5.42959589240435,2.55298657745305e-05,"Down","Shared Down"
"ABCA3",-1.9582755742401,0.000899727190368156,"Down",-4.00721318612676,9.97408319511076e-05,"Down","Shared Down"
"APRT",-1.27968861378603,0.000904528971983928,"Down",-4.02326232110764,4.87965764610253e-07,"Down","Shared Down"
"PINK1",-1.41320104149837,0.000922776330942209,"Down",-3.30454856718098,0.00215405772609978,"Down","Shared Down"
"COX8A",-1.4128851098286,0.0009322388157077,"Down",-4.46138538994173,2.9663899763116e-10,"Down","Shared Down"
"CCER2",-1.94135666977622,0.000935455360023407,"Down",-2.90865450109703,0.00754222721428431,"Down","Shared Down"
"ORAI3",-1.50880860451041,0.000942637916814351,"Down",-3.45199837172341,0.000141149862913146,"Down","Shared Down"
"SLC26A11",-1.73726406429061,0.000945668267005327,"Down",-3.59278661848346,7.70637709946993e-05,"Down","Shared Down"
"MYO15A",-1.89658672260032,0.000954444007345485,"Down",-3.54190223936473,0.000353185011176232,"Down","Shared Down"
"IGSF1",-2.89793408583873,0.000963793046403029,"Down",-4.53292699476527,2.66394207427411e-05,"Down","Shared Down"
"MIRLET7BHG",-1.15089394046674,0.000988715869133177,"Down",-2.73091649649876,0.00105088764138416,"Down","Shared Down"
"MAFB",-1.5297010898575,0.000994291571654625,"Down",-2.60703023840419,4.63053172310691e-05,"Down","Shared Down"
"CRIP1",-1.28381617492511,0.00101991903839122,"Down",-3.77374031638356,1.91146912812041e-05,"Down","Shared Down"
"TRPV2",-2.08442104785084,0.00102028977933525,"Down",-5.03329346598485,1.43957205003556e-08,"Down","Shared Down"
"RNVU1_15",-2.09442189460706,0.00102203686870707,"Down",-5.05527569780478,2.30802995847799e-10,"Down","Shared Down"
"MMP21",-2.42287028796824,0.00102376806037249,"Down",-4.46145106441158,1.06220157476312e-05,"Down","Shared Down"
"ZNF503_AS2",-1.77020736731817,0.00103176273568941,"Down",-3.36297418903712,0.00249267601834624,"Down","Shared Down"
"GLRX5",-1.09016720699128,0.00105134374588386,"Down",-3.44489182944909,3.94678192867708e-05,"Down","Shared Down"
"PDGFA",-1.51284512026682,0.00106398225805177,"Down",-3.58759902408654,0.000195138960644766,"Down","Shared Down"
"HDHD3",-1.02416907916925,0.00106980641664796,"Down",-3.58723154686856,5.07578058407156e-06,"Down","Shared Down"
"SURF1",-1.09623286692958,0.00107992268203976,"Down",-3.69031407024716,2.13540872263004e-06,"Down","Shared Down"
"IRS2",-1.35635391705281,0.00107998634764876,"Down",-3.18801847403372,3.04483194170398e-06,"Down","Shared Down"
"PPP1R3E",-1.02870643216072,0.00109178575054262,"Down",-2.99032143373798,0.000363310313319126,"Down","Shared Down"
"MFHAS1",-1.80323448596898,0.00111197798655849,"Down",-3.60269759554406,0.000311620637153182,"Down","Shared Down"
"IL32",-1.58198935369989,0.00115284214472794,"Down",-3.42628985765577,1.84657337452425e-05,"Down","Shared Down"
"SPSB4",-2.96609704265656,0.00119587346971924,"Down",-4.9953710648841,4.3294169573672e-06,"Down","Shared Down"
"C11orf84",-1.15078890284112,0.00122673804450479,"Down",-2.76587013044101,0.00129653351116175,"Down","Shared Down"
"CAMK2N2",-2.00177834881346,0.00123047193503431,"Down",-4.70305444194735,6.58237337937188e-07,"Down","Shared Down"
"SMIM12",-1.02156887515409,0.00127024213374042,"Down",-3.38204527395787,1.22172087225676e-06,"Down","Shared Down"
"RPS19BP1",-1.11335836125732,0.00130962260481969,"Down",-3.28004808245856,3.01887869795897e-07,"Down","Shared Down"
"C9orf69",-1.78368600124703,0.0013176230602748,"Down",-4.11503490214246,3.1466515205599e-07,"Down","Shared Down"
"ALDH5A1",-1.29442799162016,0.0013195708025114,"Down",-4.27311618401848,4.87965764610253e-07,"Down","Shared Down"
"CATIP",-1.39529894783474,0.0013195708025114,"Down",-3.56748487849316,1.13768346388526e-05,"Down","Shared Down"
"EXOC3L4",-1.62641604438994,0.00132035683880732,"Down",-3.41205428430215,0.000293091201826434,"Down","Shared Down"
"CRACR2B",-1.02861633967066,0.00134860543661782,"Down",-2.54852474872035,0.000375696082697181,"Down","Shared Down"
"CACNA1G",-2.37353178479283,0.00138341601471656,"Down",-4.06002165381958,0.000575387123311736,"Down","Shared Down"
"DLK2",-1.65962695334887,0.00139059527213468,"Down",-3.84151992333198,2.48391942159649e-06,"Down","Shared Down"
"ASGR1",-2.39204412386424,0.0014463752885882,"Down",-4.02038037189798,0.000198517251279349,"Down","Shared Down"
"BCAM",-1.40941806726312,0.00145972646002142,"Down",-3.77184481216057,1.46766827891164e-05,"Down","Shared Down"
"OGFOD3",-1.19487781347078,0.0015546795996391,"Down",-3.09367417840878,3.45655124785941e-05,"Down","Shared Down"
"C15orf52",-1.46905790563283,0.00160122303157014,"Down",-2.83780074900076,0.00382351994893809,"Down","Shared Down"
"OR4D2",-3.79248187241326,0.00160749265819843,"Down",-5.11570307726933,0.0163712984147872,"Down","Shared Down"
"DAB2",-1.45542813297255,0.00166681186217359,"Down",-3.46107246686197,7.32341506838829e-05,"Down","Shared Down"
"RNU5E_1",-1.52347068542672,0.00168630047258599,"Down",-4.9593391050083,4.35754085118264e-12,"Down","Shared Down"
"LOC646903",-2.00437083607999,0.00174979336531997,"Down",-4.49573627256555,2.17984282170539e-05,"Down","Shared Down"
"KRT74",-2.95488561856869,0.00176973752544603,"Down",-3.44729816640351,0.0227290933838319,"Down","Shared Down"
"NEURL1B",-1.6227498133873,0.00177728868274254,"Down",-3.80428519547953,0.000740382112310455,"Down","Shared Down"
"LMF2",-1.10179838914161,0.00177990435854803,"Down",-3.02923945175476,0.000128410508442908,"Down","Shared Down"
"PVRIG",-1.03049122630137,0.00181878207824109,"Down",-3.25534337564199,0.000111260421485692,"Down","Shared Down"
"TNK1",-1.0514240269119,0.00182517688490284,"Down",-3.12906600746073,8.61200929490021e-06,"Down","Shared Down"
"HSPB1",-1.08119649478209,0.00185483846010882,"Down",-3.29521659331724,5.03229095809648e-07,"Down","Shared Down"
"SEMA4C",-1.07240480837906,0.00186547765763843,"Down",-3.29768840186901,8.308612608277e-06,"Down","Shared Down"
"FAM195A",-1.5409915077627,0.00187275630507509,"Down",-3.31843138857325,0.000192736166846685,"Down","Shared Down"
"MEGF8",-1.33289890442042,0.00190421623815465,"Down",-3.47231964593477,5.39404841647121e-06,"Down","Shared Down"
"MEX3D",-1.43811608218504,0.00190421623815465,"Down",-3.25117836267629,0.000559508194412273,"Down","Shared Down"
"KDF1",-1.00937982050168,0.00190907426299549,"Down",-3.09206194849837,0.000449080996380576,"Down","Shared Down"
"CNTD1",-2.363026107727,0.00198060501014105,"Down",-3.47317955673677,0.0213611234552502,"Down","Shared Down"
"FRMPD1",-2.02544924514926,0.0020813018371908,"Down",-3.4468746455449,0.000874067794490708,"Down","Shared Down"
"EMILIN3",-2.66485914056844,0.00211563261711653,"Down",-3.49255452205661,0.0236580998720805,"Down","Shared Down"
"RASSF7",-1.18702756972273,0.00211563261711653,"Down",-2.17664502459103,0.0107408894272187,"Down","Shared Down"
"INHBB",-1.70844612287959,0.00212890063880767,"Down",-3.58763283451531,0.00014881009712214,"Down","Shared Down"
"PEX10",-1.10572600721206,0.0021810353617733,"Down",-3.28869276198276,0.000425252567582573,"Down","Shared Down"
"DUSP15",-2.3286510945518,0.0022128995915625,"Down",-4.73648052796523,3.53674847122553e-06,"Down","Shared Down"
"ZBTB8A",-1.25774183539441,0.0023194125436551,"Down",-2.43339363188682,0.0090211422732553,"Down","Shared Down"
"SNORD83B",-1.64920670793344,0.00236303166226101,"Down",-5.41004561493843,1.57646499656578e-07,"Down","Shared Down"
"FLYWCH1",-1.37831513456308,0.00238554538487771,"Down",-3.41702475609941,1.12074596204846e-05,"Down","Shared Down"
"REEP6",-1.2784870846351,0.00239123818790032,"Down",-3.99944709406976,3.15749096003442e-05,"Down","Shared Down"
"MCAT",-1.07395492970123,0.00239749278082361,"Down",-3.6876605930648,3.04177066260786e-07,"Down","Shared Down"
"POU3F1",-2.08547420908966,0.00246095234370912,"Down",-4.06272433194449,0.000369692854037712,"Down","Shared Down"
"KLHL31",-1.81070595513074,0.00246905443117284,"Down",-3.24320928586299,0.00264568512729522,"Down","Shared Down"
"BPHL",-1.08861893877737,0.00248905826040528,"Down",-3.84905649089643,1.90947755865709e-05,"Down","Shared Down"
"NUBP2",-1.15669247484685,0.00248905826040528,"Down",-3.15925283942042,0.000137963188403385,"Down","Shared Down"
"PTGS1",-1.91344532327496,0.00250449678962659,"Down",-3.76052278435762,6.83979671142801e-05,"Down","Shared Down"
"ZNF316",-1.0667227237028,0.00251063881355654,"Down",-2.39893324463431,8.34929316091864e-05,"Down","Shared Down"
"RNF44",-1.01830869727208,0.00263853742367861,"Down",-2.49454893414548,0.000527580897195292,"Down","Shared Down"
"UNKL",-1.09515422927631,0.00265131127116794,"Down",-2.85332114166392,0.000304779728435298,"Down","Shared Down"
"FBXO44",-1.06146275830723,0.00268943203447664,"Down",-3.30257646886597,0.000131945438526833,"Down","Shared Down"
"LAD1",-1.14604689130786,0.00275066063838706,"Down",-2.95493701744514,3.27437896583128e-06,"Down","Shared Down"
"LINC01267",-1.80249047423389,0.00291628690606902,"Down",-3.89584559368353,0.000285016291588831,"Down","Shared Down"
"HOMER3",-1.39635171990752,0.00300991784482119,"Down",-3.21993295225057,1.7031478605809e-05,"Down","Shared Down"
"CEBPA",-1.29449385358914,0.00304819008793647,"Down",-3.61347202304977,4.50866728252055e-06,"Down","Shared Down"
"BCAN",-1.72398977966291,0.00306768909936211,"Down",-3.89848089464763,0.000134257306266248,"Down","Shared Down"
"CASC10",-1.93921851642455,0.0031121743756755,"Down",-4.04886338388118,0.00126357495069499,"Down","Shared Down"
"GDPD3",-1.4251049090204,0.00318921655242596,"Down",-2.91883104689284,0.000358037249934116,"Down","Shared Down"
"ADPRH",-2.00743417505186,0.00323389881088678,"Down",-3.45128961750644,0.000329088957806857,"Down","Shared Down"
"KLHDC8B",-1.25535165459915,0.0032733213941233,"Down",-4.3040965214002,4.01876077312263e-08,"Down","Shared Down"
"SARDH",-1.84509303139498,0.00364443373775815,"Down",-3.17647876437613,0.00363985219552528,"Down","Shared Down"
"NCBP2_AS2",-1.17771296751024,0.0036694223932901,"Down",-3.65833496862514,6.23481217283154e-06,"Down","Shared Down"
"SNORD31",-1.55439878115471,0.00367048647207505,"Down",-4.61726097265901,3.90460917776034e-09,"Down","Shared Down"
"VTRNA1_2",-2.0716047091975,0.00370542333939384,"Down",-3.19995668973257,0.00192900383611563,"Down","Shared Down"
"GALNT4",-1.15582425673004,0.00378335182248533,"Down",-3.62461284735533,7.56001779145772e-07,"Down","Shared Down"
"PTRF",-1.51494642496843,0.00380232112433018,"Down",-3.17055710110908,2.47353482010628e-05,"Down","Shared Down"
"LOXHD1",-1.79156801019821,0.0038267635536606,"Down",-2.09875853421029,0.0101418473285434,"Down","Shared Down"
"SNORA60",-1.15128721042996,0.00394769969005045,"Down",-4.26648154291424,2.01764726975206e-08,"Down","Shared Down"
"SNORA80B",-1.55555706971982,0.0040027470037602,"Down",-4.94247199156602,4.30282594814935e-11,"Down","Shared Down"
"CPB1",-2.21631972860809,0.00400898971421689,"Down",-3.43659461864066,0.00568223826551916,"Down","Shared Down"
"YDJC",-1.48404527270534,0.00400898971421689,"Down",-3.25006441093246,0.00156955044242625,"Down","Shared Down"
"PHEX",-1.27662925760024,0.00402722072535208,"Down",-3.38635632972731,4.09444822658312e-05,"Down","Shared Down"
"COX20",-1.26374103843249,0.00411298985356926,"Down",-3.84263382063301,4.18092000725319e-06,"Down","Shared Down"
"ID1",-1.11159663808692,0.00412323952116726,"Down",-2.64978820497688,0.000408839067496587,"Down","Shared Down"
"MAMDC4",-1.82942214519671,0.00413885055746515,"Down",-3.24263332271589,0.00066176458982873,"Down","Shared Down"
"DNPH1",-1.08293391562961,0.00417583175422128,"Down",-3.3499945552707,4.15600356153155e-05,"Down","Shared Down"
"GATA6",-1.12831000339181,0.00436745335769661,"Down",-2.54990233481577,0.00570053594532737,"Down","Shared Down"
"GNAO1",-1.97201615981936,0.00438052063427605,"Down",-4.14971888111541,0.000358584054025295,"Down","Shared Down"
"HACD2",-1.15026896555987,0.00438846495638483,"Down",-3.46297037237146,5.53189453520196e-05,"Down","Shared Down"
"FAM83G",-1.16938127814231,0.00438976310103407,"Down",-2.91359791922978,0.000242196855233035,"Down","Shared Down"
"ZBED3",-2.65045554303867,0.00443415622291701,"Down",-4.9085526036819,0.000124910662974508,"Down","Shared Down"
"LYSMD4",-1.51976447455736,0.00454197729702251,"Down",-3.62444856600249,0.000124409304950684,"Down","Shared Down"
"LRRC26",-1.45508814615202,0.00455814867003142,"Down",-3.01298122765782,0.0126359698072122,"Down","Shared Down"
"FAM173A",-1.33716570323278,0.00468893978509921,"Down",-3.36528942257997,0.00312390289754468,"Down","Shared Down"
"LINC01004",-1.48906120850815,0.00468893978509921,"Down",-2.47007374199308,0.00480691502654776,"Down","Shared Down"
"SCAMP5",-1.29625202385747,0.00475197040663638,"Down",-3.96148003872647,2.31305590871356e-06,"Down","Shared Down"
"MED22",-1.10708330238141,0.00484321370579153,"Down",-3.44162396299234,0.000243702677667368,"Down","Shared Down"
"ATP5G1",-1.13245917530957,0.00493698595927148,"Down",-3.70546897530718,0.00019177074781096,"Down","Shared Down"
"MORN4",-1.19166092072396,0.00493698595927148,"Down",-3.53039971291873,0.000682428739455593,"Down","Shared Down"
"TSPO",-1.51103980502976,0.00498449911523906,"Down",-3.66993232377237,3.66501855286962e-05,"Down","Shared Down"
"KIAA1804",-1.56274421375594,0.00498539628522558,"Down",-3.21664042692238,0.00107185256898194,"Down","Shared Down"
"SLC9A5",-1.77936175816703,0.00511926839792836,"Down",-3.897719022223,0.000114093024964487,"Down","Shared Down"
"SYT8",-1.32059409732635,0.00529878152208322,"Down",-2.37005903098599,0.011222426811583,"Down","Shared Down"
"SNORA78",-1.35269809908112,0.0053361638862046,"Down",-4.66397266385311,4.97849413307615e-06,"Down","Shared Down"
"LMNTD2",-1.05679152616968,0.0053551959064654,"Down",-2.55256483140222,0.00212206707671247,"Down","Shared Down"
"SIVA1",-1.25424376118815,0.005575727849671,"Down",-3.69238103606529,0.000155155741946649,"Down","Shared Down"
"FASTK",-1.0173800426108,0.00558533983317286,"Down",-3.02699217167667,0.00137255736313285,"Down","Shared Down"
"OPLAH",-1.50913118320276,0.0056758634307677,"Down",-3.81399036330793,3.20199705224927e-05,"Down","Shared Down"
"FBXL19_AS1",-1.6299137708616,0.00569357724414539,"Down",-3.57350227349751,9.53372684686576e-05,"Down","Shared Down"
"HP",-1.85620515444375,0.00569357724414539,"Down",-3.91097110012988,0.00243473949795265,"Down","Shared Down"
"SMAD7",-1.29984126399059,0.00569731953195461,"Down",-2.73520980562693,0.000823886507651096,"Down","Shared Down"
"SBK1",-1.4219962831523,0.00576682816116608,"Down",-3.44049574948801,1.66225403277861e-05,"Down","Shared Down"
"KCNS3",-1.2514751666702,0.00582600025997533,"Down",-2.75992129423886,0.00196821578237466,"Down","Shared Down"
"GPN2",-1.07198231057811,0.00597151516034087,"Down",-3.38781208574031,5.24839766344111e-05,"Down","Shared Down"
"MYH11",-1.29463017654374,0.00608978377595,"Down",-2.91650382994783,0.000299838372665988,"Down","Shared Down"
"C1orf122",-1.35407790684969,0.00613010673854688,"Down",-3.48935095105142,0.00114690943501864,"Down","Shared Down"
"SPATA20",-1.01554654085898,0.00615469055367333,"Down",-2.9620556024253,0.000209137744897126,"Down","Shared Down"
"SLC39A7",-1.214799599093,0.00616543758952097,"Down",-3.13626360377862,2.01158672065926e-06,"Down","Shared Down"
"SNTA1",-1.31839405444325,0.00616543758952097,"Down",-3.02587532171829,0.000294476340808749,"Down","Shared Down"
"TBC1D22A_AS1",-1.0505556046272,0.00616543758952097,"Down",-3.29252381087921,6.01214689918119e-05,"Down","Shared Down"
"GALNT14",-1.46287486454461,0.00631427056588379,"Down",-3.10328739778365,0.00198851441228486,"Down","Shared Down"
"ZNF213_AS1",-1.39340629907952,0.00631991646234552,"Down",-3.31605276669266,0.00413137458023086,"Down","Shared Down"
"PGAP3",-1.1366892468784,0.00638176055999587,"Down",-3.45260356083556,4.21230655257478e-05,"Down","Shared Down"
"ALKBH4",-1.38048746095127,0.00642805235214311,"Down",-3.31667958502613,0.000131575795719196,"Down","Shared Down"
"THAP7",-1.11542526345281,0.0064445710023097,"Down",-3.6342873361291,1.86270820427434e-05,"Down","Shared Down"
"BAMBI",-1.50088145236881,0.00652852590962432,"Down",-3.68181211081768,7.75879413440612e-05,"Down","Shared Down"
"PVRL1",-1.25066242175847,0.00653677465398859,"Down",-3.28448622797589,0.00025393708012267,"Down","Shared Down"
"CCBL1",-1.37123771950431,0.00656440695062568,"Down",-3.55300663074112,0.00019110823494749,"Down","Shared Down"
"KCNJ5",-1.9430956523143,0.00657110237866765,"Down",-3.55934021090022,0.0129951479065885,"Down","Shared Down"
"TUSC1",-1.20610603374338,0.00692896865096239,"Down",-3.30694685590531,0.000950626369358521,"Down","Shared Down"
"LTB4R",-1.21270196136117,0.00695880298782434,"Down",-2.59981491027764,0.000883832075991637,"Down","Shared Down"
"NOTCH3",-1.08496380335094,0.00697451155078773,"Down",-2.69460006903258,0.00447670380940204,"Down","Shared Down"
"SNORD20",-1.31664356167594,0.00714592686627159,"Down",-3.93984818495925,1.88275423241607e-06,"Down","Shared Down"
"ENDOG",-1.697423782487,0.00725595001369522,"Down",-3.85351972104277,0.000316961537576332,"Down","Shared Down"
"CIAPIN1",-1.06880571767576,0.0073433011590213,"Down",-3.21447875012268,5.19801153716919e-05,"Down","Shared Down"
"SNORD32A",-1.35685851899053,0.00739121722944376,"Down",-5.06724298923892,2.80446936952425e-08,"Down","Shared Down"
"PRMT8",-1.78632486257181,0.0074205775073928,"Down",-2.64706445957915,0.0293726131767964,"Down","Shared Down"
"OIP5",-1.7093359131935,0.00766436133274383,"Down",-3.32103492830973,0.00761534705324688,"Down","Shared Down"
"MIR200B",-1.67895479065884,0.00773484573661245,"Down",-3.52396945751236,0.000191252246138118,"Down","Shared Down"
"MYRFL",-1.6622133499787,0.00804667536588288,"Down",-2.54800410604763,0.0378938922723591,"Down","Shared Down"
"ACOT7",-1.04826543644217,0.00820123353585556,"Down",-2.60078479087324,0.00125408338077688,"Down","Shared Down"
"GPC1",-1.09861093191405,0.00874454106636148,"Down",-2.80140433290755,0.000489236753117028,"Down","Shared Down"
"MBD6",-1.56570546299242,0.00895525353848688,"Down",-2.98091903198781,0.00136588719745079,"Down","Shared Down"
"NUDT16L1",-1.12239347237032,0.0090983309085919,"Down",-3.83764515915985,3.40293513133396e-06,"Down","Shared Down"
"MATN2",-1.15550659167366,0.00916524118962319,"Down",-3.17684388208093,0.000163112015560183,"Down","Shared Down"
"B4GALT2",-1.1304480048089,0.00924442671418095,"Down",-3.3833496571485,0.000717724001506185,"Down","Shared Down"
"FOXL1",-2.63231707939373,0.00951356116475146,"Down",-4.68063831140528,0.000252279279230996,"Down","Shared Down"
"GPR161",-1.50556833877154,0.00974009289906042,"Down",-3.18602246760894,0.00193612242590541,"Down","Shared Down"
"BLM",-1.85579338009992,0.00989604355997895,"Down",-4.80738109531929,5.631462779559e-07,"Down","Shared Down"
"GJB5",-1.25991684541887,0.00993184651245667,"Down",-3.53068902114405,0.000190848177138656,"Down","Shared Down"
"XXYLT1",-1.21194514924646,0.00993184651245667,"Down",-3.52287742228657,6.62260410311303e-05,"Down","Shared Down"
"PLA2G2F",-2.32500996644801,0.00994323966586276,"Down",-3.83220533953794,0.000737155476696197,"Down","Shared Down"
"INPP5J",-1.78205492365179,0.0100173272146423,"Down",-4.24671780411816,0.000166453264825742,"Down","Shared Down"
"MAFK",-1.0155244958975,0.0102560586130506,"Down",-2.51666210271993,4.01544671464571e-05,"Down","Shared Down"
"SPATC1L",-1.58056949509915,0.0102873482237311,"Down",-4.01794009834264,1.22915749764338e-07,"Down","Shared Down"
"ECI1",-1.03651623923897,0.0105122959896773,"Down",-3.27865557333251,2.54431960324951e-06,"Down","Shared Down"
"FHL2",-1.13592093489076,0.0105231184768495,"Down",-2.48329481326558,0.00106777917832392,"Down","Shared Down"
"ZBTB46",-1.01916546677408,0.0109426008799896,"Down",-2.56376789427928,0.0244978712259588,"Down","Shared Down"
"RNY5",-1.49032769620075,0.0110199252260134,"Down",-5.74317139484507,1.11872258559087e-14,"Down","Shared Down"
"GPR55",-1.76004937519321,0.0112627714054642,"Down",-3.78825497399031,0.000102014994943531,"Down","Shared Down"
"ADIRF",-1.41382047753027,0.0112826148093997,"Down",-3.93148256547234,1.34823740948093e-06,"Down","Shared Down"
"FAM198B",-1.49768606313771,0.011307723618289,"Down",-4.22533337758687,4.4122282794318e-05,"Down","Shared Down"
"SYCE1L",-1.55867827094268,0.0114270832191784,"Down",-3.34238138506905,0.00156955044242625,"Down","Shared Down"
"TXNDC17",-1.24668162306614,0.0118093752321676,"Down",-3.52696865427424,0.000296837118029623,"Down","Shared Down"
"MEMO1",-1.27586304603691,0.0118180990769648,"Down",-3.37429399263785,0.000590370301796553,"Down","Shared Down"
"RN7SL1",-1.0760675349282,0.0118822281326847,"Down",-2.6410281154619,2.34120746359424e-06,"Down","Shared Down"
"FRMD4A",-1.00578250465936,0.0119202537899545,"Down",-3.0792995179104,0.00158272081430994,"Down","Shared Down"
"STARD4",-1.84500738415941,0.0121741228081598,"Down",-3.43128093329778,0.00292966946722337,"Down","Shared Down"
"C8orf82",-1.2002943472748,0.0122877812799244,"Down",-2.85499958578666,0.000898454884123386,"Down","Shared Down"
"TMEM222",-1.27150821165338,0.0122877812799244,"Down",-3.47337578422548,0.000204324953273894,"Down","Shared Down"
"FSD1L",-1.0412894946111,0.0127262327926342,"Down",-3.48139652889861,0.000151934870892283,"Down","Shared Down"
"NUAK1",-1.09171498404268,0.0129653642909724,"Down",-3.35601196047682,2.23246007928662e-05,"Down","Shared Down"
"CPAMD8",-1.64291456930414,0.0131950514080851,"Down",-3.60051638055003,0.000948910402076246,"Down","Shared Down"
"PYCARD_AS1",-1.77470973255675,0.0134473949500036,"Down",-3.58727869867319,0.00658146570540451,"Down","Shared Down"
"ZDHHC8",-1.00303216419937,0.01363026555626,"Down",-3.3878673140921,8.55891085777551e-06,"Down","Shared Down"
"RPRM",-1.45170419999627,0.0137121996187127,"Down",-3.4979182390946,0.00095156585688188,"Down","Shared Down"
"MAPK8IP2",-1.42992148445492,0.0140481012470008,"Down",-2.64540649901413,0.00514808664180042,"Down","Shared Down"
"TSEN2",-1.2306135881915,0.0141419579293779,"Down",-3.18484578761255,0.000289803194633079,"Down","Shared Down"
"CDK5R2",-2.06010590092743,0.0142254170523465,"Down",-2.93803843225759,0.00836462841001041,"Down","Shared Down"
"KCNG2",-1.69343533027155,0.0142356116059785,"Down",-4.36978510881066,2.03999789244315e-07,"Down","Shared Down"
"LINC01003",-1.60474595058766,0.0148952162010995,"Down",-3.45148552579429,0.00035563358152028,"Down","Shared Down"
"GSTZ1",-1.06586270580853,0.0151228596720319,"Down",-3.6679065715297,7.73456603288705e-06,"Down","Shared Down"
"LRP3",-1.50235996900976,0.0151764844111484,"Down",-3.33094273979327,0.0122619278688448,"Down","Shared Down"
"CD109",-2.18835517650249,0.0153600086590159,"Down",-2.85890007004905,0.0479282782131303,"Down","Shared Down"
"TET1",-1.33720989396277,0.0153647576152695,"Down",-3.81638733056453,0.000179494038296728,"Down","Shared Down"
"SOX7",-1.48170211438883,0.0153743081804658,"Down",-3.8378222906834,7.58741692371643e-06,"Down","Shared Down"
"CSPG4",-1.59310648080118,0.0154099762337237,"Down",-3.62025183077752,0.00065855804844272,"Down","Shared Down"
"TPCN2",-1.22722712569369,0.0155258985349372,"Down",-2.7576227536393,0.00104475180609752,"Down","Shared Down"
"INAFM1",-1.09216626181157,0.0158803138182899,"Down",-2.82262964503727,0.000154771532315163,"Down","Shared Down"
"LY6D",-1.77265850224915,0.0159128848298068,"Down",-3.15477628147151,0.000514165053585633,"Down","Shared Down"
"GLTPD2",-1.19863909343882,0.0159290087809141,"Down",-3.01808838578768,0.000265864001320055,"Down","Shared Down"
"PRDM16",-1.8449892535172,0.0159402992411907,"Down",-3.54591865974411,0.00180123033783785,"Down","Shared Down"
"DCXR",-1.03701239520445,0.0162110643899062,"Down",-3.29366667969837,1.15541873816232e-05,"Down","Shared Down"
"BIK",-1.11837801976563,0.0165503661865173,"Down",-2.87126403466881,0.00340658225712038,"Down","Shared Down"
"KCTD15",-1.63017479973877,0.0165503661865173,"Down",-3.2722546082493,0.000481082037853741,"Down","Shared Down"
"SLC27A4",-1.12029011358412,0.0165503661865173,"Down",-3.5935737200745,0.000108698053442332,"Down","Shared Down"
"MFAP3L",-1.72459421371784,0.0166288709428596,"Down",-4.69537241116527,1.28992169862077e-07,"Down","Shared Down"
"INPP5A",-1.53950162547497,0.0167885487091789,"Down",-3.74863341405243,0.000271102882220621,"Down","Shared Down"
"PPP1R14B",-1.13313818252235,0.0167885487091789,"Down",-3.01785584991372,0.000830471343043129,"Down","Shared Down"
"FAM109A",-1.36287510592984,0.0167897566950704,"Down",-3.87434722816629,8.37859889808308e-06,"Down","Shared Down"
"GID4",-1.18995679696098,0.0168355126517967,"Down",-3.68115893795266,1.53917928937717e-05,"Down","Shared Down"
"IL21R",-1.42800516514678,0.0168945351996854,"Down",-3.06791066453845,0.00128214534711852,"Down","Shared Down"
"ZNF205",-1.12851163933983,0.0172152751487905,"Down",-3.25468108429542,0.000106316336775426,"Down","Shared Down"
"AACSP1",-2.15945948366296,0.0175808706761764,"Down",-4.22843548490325,0.00129905017363798,"Down","Shared Down"
"SOX15",-1.26600342929561,0.0178711616626865,"Down",-3.23241894300193,0.000180400583899411,"Down","Shared Down"
"PTMS",-1.07395190716167,0.0190223804338215,"Down",-1.53946314810394,0.0162599924085191,"Down","Shared Down"
"HPS6",-1.01554806108723,0.0191508743989307,"Down",-3.38534840228853,1.09494666507763e-05,"Down","Shared Down"
"NKX2_2",-2.17428576311482,0.0193352740413249,"Down",-4.4635219883814,0.000342459440221849,"Down","Shared Down"
"TSPAN11",-1.37862170827884,0.0193352740413249,"Down",-3.54554268018993,0.000186811345700028,"Down","Shared Down"
"ZMAT5",-1.07616267046199,0.0194724204083917,"Down",-3.4697695793644,0.00013151862714841,"Down","Shared Down"
"FAM171A2",-1.6321972148977,0.0194757278854386,"Down",-3.12144670205483,0.0011262014178291,"Down","Shared Down"
"FLRT1",-1.33552910377049,0.0194848710954439,"Down",-2.63859690911278,0.013963052921385,"Down","Shared Down"
"STRA13",-1.17786032892395,0.0194848710954439,"Down",-3.22159498778235,0.00189545244368889,"Down","Shared Down"
"INSIG1",-1.17849742949042,0.0195446314929276,"Down",-2.85790425521183,0.000958773718741987,"Down","Shared Down"
"SNORA45A",-1.0825630325883,0.01955399865756,"Down",-4.73508547572929,2.98251175996328e-10,"Down","Shared Down"
"TSEN34",-1.00177165532251,0.0198245524554089,"Down",-2.81593541207834,0.000564165048107181,"Down","Shared Down"
"RNF150",-1.23519328160748,0.0202085197374084,"Down",-2.61658602790355,0.00941348572049904,"Down","Shared Down"
"GSDMD",-1.04057292586422,0.0202266647875606,"Down",-3.18949173498765,1.82541117518871e-06,"Down","Shared Down"
"SYNPO2",-1.05903746017484,0.0204449683294252,"Down",-2.32048635121276,0.0014829095134078,"Down","Shared Down"
"SLC22A18",-1.0294276679825,0.0204818548626986,"Down",-3.01082147919128,0.00597188679907981,"Down","Shared Down"
"KCNK5",-1.02141825854645,0.0212796703406036,"Down",-3.21470833646857,0.00011383977156476,"Down","Shared Down"
"NEIL2",-1.02408335162357,0.0215295007289134,"Down",-3.1996754685235,0.000559252307821133,"Down","Shared Down"
"IL17RE",-1.24204726788104,0.0216346663673724,"Down",-3.41410107637002,0.00852490065122867,"Down","Shared Down"
"PAFAH1B3",-1.42740475370334,0.0218419762946269,"Down",-3.61144291568523,3.17029648773662e-05,"Down","Shared Down"
"PHOSPHO1",-1.79844055777315,0.0222646048536171,"Down",-3.27268386953451,0.00743327228771642,"Down","Shared Down"
"DKFZP434A062",-1.59308307901947,0.0225292949716948,"Down",-3.53786484207429,0.000675344074264045,"Down","Shared Down"
"TRAPPC5",-1.13537744803792,0.0229506330894889,"Down",-3.97290827117222,4.63056060437218e-07,"Down","Shared Down"
"TONSL",-1.49736582109521,0.0229658902302398,"Down",-3.79354359537487,1.78490254023099e-05,"Down","Shared Down"
"ARAP3",-1.10771234553929,0.0232545583387126,"Down",-3.04609762210722,0.000174957604460098,"Down","Shared Down"
"TK1",-1.20444787260909,0.023797899305922,"Down",-3.45418623107764,0.000573506328266161,"Down","Shared Down"
"ADGRG6",-1.88010361934174,0.0240324069841312,"Down",-2.80951365299571,0.04447168088036,"Down","Shared Down"
"YJEFN3",-1.53107239673276,0.0242014039411851,"Down",-3.55144370542823,4.21430888300833e-05,"Down","Shared Down"
"MZT2A",-1.10276649359138,0.0242588393285876,"Down",-3.01072600682017,0.000282657427440904,"Down","Shared Down"
"TMEM201",-1.04997706498668,0.0242713433561068,"Down",-2.89380703592263,0.00323860959360085,"Down","Shared Down"
"DNER",-1.57546339033581,0.0246677430636348,"Down",-3.70843783417784,0.00019110823494749,"Down","Shared Down"
"RNF152",-1.2345115986926,0.0256546545032828,"Down",-2.87223151535396,0.00419383489215958,"Down","Shared Down"
"SNORD88A",-1.63966093470372,0.0257173126956596,"Down",-4.86185015255923,1.30994163766593e-05,"Down","Shared Down"
"GMPPA",-1.00408570722799,0.02615332461281,"Down",-3.01736334958654,0.00116645287908179,"Down","Shared Down"
"CACNA2D4",-1.45575707178182,0.0261790086485604,"Down",-2.80247672819508,0.0112071423884992,"Down","Shared Down"
"RHOD",-1.37231153309161,0.0262625811551927,"Down",-3.23898654561103,0.00366810572300789,"Down","Shared Down"
"PAOX",-1.09296274284572,0.0262808055603882,"Down",-2.98428726699904,0.00142013841804291,"Down","Shared Down"
"CHST1",-2.14957461306669,0.0263914279409555,"Down",-3.51447880502045,0.00362804802134353,"Down","Shared Down"
"PRKCA",-1.00170609602613,0.0264984756723858,"Down",-2.84197441620395,0.00295558579416172,"Down","Shared Down"
"TEX101",-1.22327138068878,0.02664127810371,"Down",-2.49113217426408,0.0060847015851525,"Down","Shared Down"
"LOC101927248",-1.35315483205191,0.0267630194824366,"Down",-3.51814803953325,0.00125399054740595,"Down","Shared Down"
"SMOX",-1.34151363028803,0.0267630194824366,"Down",-3.19957050051019,8.35893108127472e-05,"Down","Shared Down"
"PARL",-1.0670267201245,0.0271096765673222,"Down",-2.1222137853542,0.00721491384261902,"Down","Shared Down"
"PLXNB3",-1.11356195458934,0.0272216203827152,"Down",-3.04255345686823,0.00128347565258196,"Down","Shared Down"
"RNA28S5",-1.43626193856783,0.0279943502696022,"Down",-2.9621422004664,0.000589387749682462,"Down","Shared Down"
"JAKMIP1",-1.57065491216685,0.0280419673928802,"Down",-3.16105060247797,0.000453738594521884,"Down","Shared Down"
"ARFGAP3",-1.27273425599891,0.0284322087216044,"Down",-3.75600937830481,8.81395106986269e-07,"Down","Shared Down"
"NKX2_5",-1.59035139845409,0.0284397464745914,"Down",-2.85951592536193,0.00227481663301983,"Down","Shared Down"
"TMEM54",-1.07620935937963,0.028462701952024,"Down",-3.32516006621858,3.26273895471632e-06,"Down","Shared Down"
"CPTP",-1.27113980068528,0.0291341345884039,"Down",-3.16383410590486,0.000505911733448763,"Down","Shared Down"
"ALDH4A1",-1.11291915615765,0.0293270683357692,"Down",-3.4145297046777,0.000368492423165582,"Down","Shared Down"
"VWA1",-1.11449124967053,0.0294866312612418,"Down",-3.02521729986943,8.69580203644834e-05,"Down","Shared Down"
"COMMD5",-1.13846618173499,0.0297207229097743,"Down",-3.28729306413912,6.90996245021234e-05,"Down","Shared Down"
"HAUS7",-1.15115361682443,0.029863426179945,"Down",-3.43108075529488,0.000168954768083711,"Down","Shared Down"
"ST8SIA5",-1.16828239593749,0.0303834460473563,"Down",-3.25018701765123,7.24312688643357e-05,"Down","Shared Down"
"MYEOV2",-1.03738922052774,0.0303944012475465,"Down",-3.72758891513498,8.73730142509294e-06,"Down","Shared Down"
"GRIN2D",-1.42568137280393,0.030538189551424,"Down",-2.66362999970475,0.0151691857381728,"Down","Shared Down"
"FBLIM1",-1.03421931556832,0.0305643633222177,"Down",-3.35961302244346,4.21230655257478e-05,"Down","Shared Down"
"RDH14",-1.05489812661659,0.0309716584611979,"Down",-2.14438438855098,0.0240621910745787,"Down","Shared Down"
"ARL4D",-1.03236590639732,0.0319966778173273,"Down",-2.80941058965151,0.00156955044242625,"Down","Shared Down"
"MGC72080",-1.04796000592849,0.0320142063456956,"Down",-2.86819810022956,0.00577901174790741,"Down","Shared Down"
"DNAAF5",-1.30102096687508,0.0324294505719318,"Down",-3.72592543812264,3.28871394172759e-05,"Down","Shared Down"
"ADRA1A",-1.55140870900145,0.0327732539451761,"Down",-3.27221563036586,0.00188888937758008,"Down","Shared Down"
"TNNI2",-1.17623516229434,0.0327732539451761,"Down",-3.46340933911724,3.83440636471687e-08,"Down","Shared Down"
"RNU5F_1",-1.55079251062638,0.0328721005314037,"Down",-3.99833620149079,3.91324854772736e-05,"Down","Shared Down"
"GRID2IP",-1.03683471673787,0.0330230373105498,"Down",-2.55180221386836,0.00967907858292238,"Down","Shared Down"
"RPP25",-1.2872191469319,0.0330769365058615,"Down",-3.54474628647204,0.000236448387308013,"Down","Shared Down"
"EFNB1",-1.02813392617081,0.0346097979666209,"Down",-2.44813434802159,0.0386877210342757,"Down","Shared Down"
"NT5DC2",-1.03786188039378,0.0349686097674045,"Down",-3.19925440811941,0.00030934094590769,"Down","Shared Down"
"ADA",-1.78365449394227,0.0351583624175429,"Down",-4.03858295220445,0.000230093233426479,"Down","Shared Down"
"BOD1",-1.63906755514679,0.0351852963447816,"Down",-4.03913256626854,1.68147290547304e-05,"Down","Shared Down"
"NPDC1",-1.24587770158942,0.0356806912146644,"Down",-2.91646353972887,0.00213525292344549,"Down","Shared Down"
"GATA2",-1.5379186175367,0.0356958839748619,"Down",-3.03221573042992,0.00524171321749811,"Down","Shared Down"
"LAT",-1.11478541998046,0.0357153743502062,"Down",-3.06977572735989,5.81056970209842e-05,"Down","Shared Down"
"MLLT4_AS1",-1.66404584084617,0.0362948233943849,"Down",-3.18308560442466,0.00101473047437685,"Down","Shared Down"
"FGFBP3",-1.00924077565459,0.0364228781714483,"Down",-3.27611036019052,0.00170615448437042,"Down","Shared Down"
"ZNF358",-1.02416068069045,0.0364249188512211,"Down",-2.72440556706873,0.0125293178141312,"Down","Shared Down"
"SNHG17",-1.09343719561956,0.0366211349747055,"Down",-3.12747423117676,0.000675312525645036,"Down","Shared Down"
"LIPE",-1.78418141712087,0.0369820841290105,"Down",-3.78059010944134,0.000414233572784873,"Down","Shared Down"
"TFF3",-1.40068147272945,0.0372150672112736,"Down",-4.85406876002017,1.22799368853785e-06,"Down","Shared Down"
"SLC35E1",-1.3414343186134,0.0375269333870359,"Down",-3.38668240204843,8.04551075186121e-07,"Down","Shared Down"
"TRMT61A",-1.03933713601863,0.0377549253740954,"Down",-3.32080313440774,0.000898461678412251,"Down","Shared Down"
"SEPT4",-1.76476839558883,0.0383717922247197,"Down",-3.10489808692773,0.00247008965075708,"Down","Shared Down"
"ADARB1",-1.10149680372521,0.0383787996422853,"Down",-2.96377302311125,0.00143642564398142,"Down","Shared Down"
"FZD8",-1.07156745564216,0.0386636943635736,"Down",-2.87229986004167,0.0137444589449698,"Down","Shared Down"
"C8orf76",-1.21362816943044,0.0391556881863509,"Down",-3.14117861256504,0.0020426325962233,"Down","Shared Down"
"FCHO1",-1.4358089620249,0.0394776010355432,"Down",-3.15212625520221,0.000541004176506121,"Down","Shared Down"
"KIF26B",-1.15662129359994,0.0397227218445908,"Down",-2.84569842829439,0.00249267601834624,"Down","Shared Down"
"SNORA38B",-1.0729284720637,0.0400544740330957,"Down",-4.03151114951542,1.76797998217104e-08,"Down","Shared Down"
"CYP2A7",-1.61664964639768,0.0404343410231791,"Down",-3.84203009567876,0.000361351177699264,"Down","Shared Down"
"ABHD11_AS1",-1.06518700011046,0.0407789555823273,"Down",-2.58260170525869,0.0067433127544137,"Down","Shared Down"
"NPEPL1",-1.13303209063219,0.0418286391303629,"Down",-3.26414046559503,3.90111010897661e-06,"Down","Shared Down"
"ZC3H12A",-1.19364918490245,0.0419680836673086,"Down",-1.73983117118188,0.0339123140767975,"Down","Shared Down"
"VSIG2",-1.02856537245471,0.0421914389838465,"Down",-3.43660796124835,2.67315087855629e-05,"Down","Shared Down"
"MRGPRF",-1.64714760057038,0.0433828330152597,"Down",-3.16998790831085,0.00526005826808591,"Down","Shared Down"
"KRT24",-1.80397310971841,0.0434179903310576,"Down",-3.1200389567494,0.000743817218430735,"Down","Shared Down"
"LOC102724084",-2.04869009577902,0.0441576688911529,"Down",-3.76703082562473,0.00139117291650467,"Down","Shared Down"
"SH3TC2",-1.24457275902763,0.0444871246762773,"Down",-2.3562414459974,0.0227895070097411,"Down","Shared Down"
"KLHL17",-1.31005473852752,0.0447745318695743,"Down",-3.53856622630664,0.000218285903096685,"Down","Shared Down"
"FSCN1",-1.35665676694179,0.0472417745036883,"Down",-2.63995358971698,0.00170764383458385,"Down","Shared Down"
"SNORA77",-1.14231901958374,0.0477607465531307,"Down",-4.772575457899,1.42735221117636e-06,"Down","Shared Down"
"METRN",-1.03970999056984,0.0484653249866073,"Down",-3.56740910827654,8.19963761981418e-05,"Down","Shared Down"
"PHLDA3",-1.01640421748998,0.0493593133576924,"Down",-3.29078883233243,1.58179312173658e-07,"Down","Shared Down"
"LAMC3",-2.01661729506137,0.0499318395243024,"Down",-3.10261078502441,0.0142998678644403,"Down","Shared Down"
"IFI6",4.17997368489285,3.84382007509899e-24,"Up",2.32854363260557,0.0013527729735055,"Up","Shared Up"
"IFIT1",5.35399948639352,7.1942514543949e-23,"Up",4.01270607990529,9.83699750883826e-07,"Up","Shared Up"
"RSAD2",5.33409008904523,1.09671915059441e-17,"Up",4.28317351365819,2.2771865412441e-08,"Up","Shared Up"
"EPSTI1",3.30939938355193,3.65105105469954e-17,"Up",2.31924209849768,0.000503362243681805,"Up","Shared Up"
"IFITM1",3.80631244467844,3.65105105469954e-17,"Up",2.20333160151557,0.000374912447417677,"Up","Shared Up"
"ISG15",5.45200393411483,9.44545425908047e-17,"Up",4.00513162820608,3.35066555426299e-07,"Up","Shared Up"
"IFIT2",5.50677230372424,5.76986351705656e-16,"Up",4.942604937625,9.06772636748281e-10,"Up","Shared Up"
"DDX60",3.03216246896283,1.02026017318918e-15,"Up",1.44429011936892,0.0204105842586018,"Up","Shared Up"
"IFIT3",4.53091164275534,1.14890985136368e-15,"Up",3.79284623493242,1.81414801880844e-07,"Up","Shared Up"
"XAF1",3.19864786802343,3.87498926004651e-13,"Up",1.558989175718,0.0188152103354817,"Up","Shared Up"
"SOCS1",6.15208302175584,8.01058909903564e-13,"Up",3.1176097560435,3.20199705224927e-05,"Up","Shared Up"
"RNU11",4.55827475888238,1.02771570247277e-12,"Up",2.08794753987411,0.000166453264825742,"Up","Shared Up"
"SAMD9",3.16950255972134,1.24471649704551e-12,"Up",1.94891085646918,0.00366623798145606,"Up","Shared Up"
"SAMD9L",3.28406673269189,3.1079732924884e-12,"Up",2.27475100323579,0.00106629981399213,"Up","Shared Up"
"SERPING1",3.29545450878666,3.1079732924884e-12,"Up",1.7123750303097,0.0140500539373089,"Up","Shared Up"
"DDX58",3.20364030234356,1.34486738998544e-11,"Up",2.54495964284655,0.00105523316439121,"Up","Shared Up"
"ADCK2",5.63401956473177,7.65646429550354e-11,"Up",1.71787905300301,0.0262957075017387,"Up","Shared Up"
"HS1BP3",5.03859664374366,1.4006559067576e-10,"Up",2.26856288303225,0.00408150819882805,"Up","Shared Up"
"PARP14",2.21683448813664,1.73941138374075e-10,"Up",1.48467875613856,0.0228517628365372,"Up","Shared Up"
"GBP1",3.20576899714572,2.23326803895811e-10,"Up",2.80499404944538,1.53068513785321e-05,"Up","Shared Up"
"DDX60L",3.39947368669416,2.55018119154423e-10,"Up",2.30322674627474,0.000478830857084747,"Up","Shared Up"
"IFIH1",2.81217403481337,2.55018119154423e-10,"Up",1.69940382732874,0.0118219325679063,"Up","Shared Up"
"SP110",2.44309995981705,3.00363496364345e-10,"Up",1.16284427118775,0.0430939802661236,"Up","Shared Up"
"MX2",2.85433799658665,5.34811386149608e-10,"Up",1.3677449076844,0.023169439374855,"Up","Shared Up"
"USP18",2.65060274607711,1.23026266837672e-09,"Up",1.7538312656076,0.00591962012128866,"Up","Shared Up"
"GBP5",3.52501759357735,6.25182350864632e-09,"Up",3.18683975188483,1.45652248396815e-06,"Up","Shared Up"
"HERC5",3.85286400941395,7.36251760019962e-09,"Up",2.66403452335882,0.000786319606793402,"Up","Shared Up"
"CXCL10",6.06549920250503,2.92298294412341e-08,"Up",6.56656595787853,2.60933074543697e-08,"Up","Shared Up"
"GIMAP4",3.02725899847701,6.18177539718126e-08,"Up",1.91493582434534,0.00764687129148229,"Up","Shared Up"
"FSTL3",4.48160990635263,7.21821734179857e-08,"Up",1.80902495008285,0.0175329825941742,"Up","Shared Up"
"NT5C3A",2.32630242302991,1.05427670264721e-07,"Up",1.80738334311415,0.0313896549158589,"Up","Shared Up"
"CARD16",3.59284979506063,1.15618952029015e-06,"Up",2.73129015041827,0.00120714039632936,"Up","Shared Up"
"ZBP1",3.99382450020637,1.63289346869947e-06,"Up",2.97567054711239,0.000759026746385042,"Up","Shared Up"
"SLC6A4",4.7886514516113,4.35131309842777e-06,"Up",3.2432896410682,0.0100143245364264,"Up","Shared Up"
"GBP4",2.39946137971388,4.57600598488264e-06,"Up",1.76297185315297,0.016484796137999,"Up","Shared Up"
"CXCL8",3.58705121434144,7.62105654736539e-06,"Up",2.02931650440194,0.011489219858648,"Up","Shared Up"
"CD274",2.76416877395131,1.08092272431889e-05,"Up",2.72300679301473,0.000271656188926294,"Up","Shared Up"
"OASL",2.95029243232665,1.09147629952335e-05,"Up",1.94765139751664,0.00923345981371076,"Up","Shared Up"
"TSKS",5.9282548613969,1.72016928572074e-05,"Up",4.06261014822056,0.00758125990252673,"Up","Shared Up"
"GBP2",2.38702463983676,1.92261451799105e-05,"Up",1.70470182212287,0.00314880876373106,"Up","Shared Up"
"FYB",2.60809013748255,2.05998893980565e-05,"Up",1.56312596001281,0.0179100287648104,"Up","Shared Up"
"NOX4",6.14398104391049,2.29817023810585e-05,"Up",7.07016107343939,0.000261639705153369,"Up","Shared Up"
"CXCL11",5.32479444400125,3.5730437583552e-05,"Up",6.06938351884286,5.87032723289354e-06,"Up","Shared Up"
"MNDA",3.49343536476651,5.67000836674737e-05,"Up",2.47306039457874,0.00739434218564019,"Up","Shared Up"
"MYOCD",5.21299004289291,5.73289806882826e-05,"Up",5.09047662935983,0.00244385687777962,"Up","Shared Up"
"FCGR3A",3.37338605382391,6.30109008836888e-05,"Up",2.29712249697796,0.0106315913710345,"Up","Shared Up"
"LCP2",2.69600848848786,6.30660940816675e-05,"Up",1.46988803531632,0.0413920589938008,"Up","Shared Up"
"BCL2A1",3.59974518207443,0.000100145303854447,"Up",2.14727499028721,0.013863791323296,"Up","Shared Up"
"SRGN",3.17382298626285,0.000116072551203564,"Up",2.14722809241767,0.015046728028692,"Up","Shared Up"
"TNFSF13B",3.40142768553841,0.000145116073576008,"Up",1.94581143077861,0.0255621124161527,"Up","Shared Up"
"FFAR2",4.23797810896831,0.000151327759786051,"Up",2.37771118199446,0.014966946461241,"Up","Shared Up"
"SAMSN1",3.22106333320111,0.000151669634043234,"Up",2.1152250403462,0.0147618159836354,"Up","Shared Up"
"CXCL9",3.39660785427154,0.000158882921320781,"Up",2.79484221846136,0.0048885256919981,"Up","Shared Up"
"RUFY4",2.3664579978913,0.000241669910757615,"Up",1.77842099266206,0.0260022629199823,"Up","Shared Up"
"CLEC2B",2.31477657954711,0.00026040573733365,"Up",1.55849551614433,0.0416436526576482,"Up","Shared Up"
"AQP9",3.6774722895655,0.000296585812073648,"Up",2.73507663661724,0.00570876836230992,"Up","Shared Up"
"GZMB",3.09574922725503,0.000744054542089923,"Up",3.19111351033081,0.00138166975196989,"Up","Shared Up"
"TNFAIP6",4.71535975893727,0.000763616698592639,"Up",3.61714685590111,0.00250909331379068,"Up","Shared Up"
"NEXN",2.35526059747926,0.000778700559817375,"Up",2.24572938971533,0.00778872318606157,"Up","Shared Up"
"CLEC4E",3.44489694988191,0.000923155802267251,"Up",2.16563446320377,0.0145992520083658,"Up","Shared Up"
"BCLAF1",1.60361187261142,0.00112786929438268,"Up",1.70267323359092,0.0360442656257424,"Up","Shared Up"
"BRE_AS1",3.40695954642497,0.001220226369232,"Up",2.41666815397886,0.0327210910161857,"Up","Shared Up"
"G0S2",2.99701249364721,0.001374482216303,"Up",2.15113877885615,0.015893293953294,"Up","Shared Up"
"ZEB2",1.73777282868345,0.00193427406228396,"Up",1.48252071552764,0.0452531565032607,"Up","Shared Up"
"CD69",3.19697037273843,0.00201463288943239,"Up",2.31601704325258,0.028084658158738,"Up","Shared Up"
"SLAMF7",2.26596324095512,0.00246905443117284,"Up",2.57475638304265,0.00854921518901133,"Up","Shared Up"
"CCL2",4.04564557173919,0.00249517652560736,"Up",4.18078652400686,0.000782985910590708,"Up","Shared Up"
"PLEK",2.41545353464352,0.00259501487182097,"Up",2.19627048175806,0.00869294045829501,"Up","Shared Up"
"PROK2",3.58352366804916,0.00278236072096283,"Up",2.94936995554431,0.0136646967736667,"Up","Shared Up"
"MILR1",2.36243257592606,0.0034098203973238,"Up",2.14416417970757,0.0400900826197204,"Up","Shared Up"
"AIM2",2.66441074406339,0.00390409217391209,"Up",2.04687585948667,0.0240495213441759,"Up","Shared Up"
"TFEC",2.37449779147674,0.00431812536480622,"Up",3.48563900719291,0.00137837859113223,"Up","Shared Up"
"TNF",2.73424531446249,0.00677927700721595,"Up",2.24013017118846,0.0231002520533151,"Up","Shared Up"
"SLC18A1",3.2065291937813,0.00822554413362207,"Up",4.13789122614031,0.00589682091010749,"Up","Shared Up"
"ZNF81",2.42694113005006,0.0109787384598371,"Up",3.48967452484125,0.0234946127872724,"Up","Shared Up"
"FLI1",1.98473576313205,0.0130223950543877,"Up",2.63908625960878,0.0285118593388773,"Up","Shared Up"
"MIR191",2.25118573447386,0.0162110643899062,"Up",3.34887281804691,0.0023750503601352,"Up","Shared Up"
"CASP5",3.13752010703852,0.0167769839252461,"Up",2.90230488980653,0.0111528770874792,"Up","Shared Up"
"CMKLR1",1.58850813813498,0.0280419673928802,"Up",1.91798765290517,0.0169315471725667,"Up","Shared Up"
"IL1R2",2.74212304685449,0.0285263462916937,"Up",2.35739564078392,0.0306124573526199,"Up","Shared Up"
"CXCR2",2.5483879760092,0.0307545660802442,"Up",2.82011641830433,0.0124407914904156,"Up","Shared Up"
"RPS6KA4",1.60962269038363,0.033615185898777,"Up",1.96457266481767,0.0327210910161857,"Up","Shared Up"
